asset_id,application_id,borrower_id,asset_type,institution,account_token,account_masked,declared_balance,verified_balance,eligible_close_amount,eligible_reserve_amount,liquidity_haircut,eligibility_rule_id
APP-000001-AST-01,APP-000001,BORR-000001,checking,Cascade Mutual Credit Union,SYN-ACCT-000001,******0001,31138.25,31138.25,31138.25,31138.25,0.00,AST-ELG-001
APP-000001-AST-02,APP-000001,BORR-000001,savings,Cascade Mutual Credit Union,SYN-ACCT-000002,******0002,57828.19,57828.19,57828.19,57828.19,0.00,AST-ELG-001
APP-000001-AST-03,APP-000001,BORR-000001,brokerage,Tidewater Investment Services,SYN-ACCT-000003,******0003,7544.66,7544.66,6035.73,6035.73,0.20,AST-ELG-001
APP-000001-AST-04,APP-000001,BORR-000001,retirement,Meridian Retirement Trust,SYN-ACCT-000004,******0004,8047.63,8047.63,0,4828.58,0.40,AST-ELG-001
APP-000002-AST-01,APP-000002,BORR-000002,checking,Sablefield Trust,SYN-ACCT-000005,******0005,32751.78,32751.78,32751.78,32751.78,0.00,AST-ELG-001
APP-000002-AST-02,APP-000002,BORR-000002,savings,Sablefield Trust,SYN-ACCT-000006,******0006,60824.73,60824.73,60824.73,60824.73,0.00,AST-ELG-001
APP-000002-AST-03,APP-000002,BORR-000002,brokerage,Tidewater Investment Services,SYN-ACCT-000007,******0007,3669.86,3669.86,2935.89,2935.89,0.20,AST-ELG-001
APP-000002-AST-04,APP-000002,BORR-000002,retirement,Meridian Retirement Trust,SYN-ACCT-000008,******0008,3914.52,3914.52,0,2348.71,0.40,AST-ELG-001
APP-000003-AST-01,APP-000003,BORR-000003,checking,Cascade Mutual Credit Union,SYN-ACCT-000009,******0009,40555.19,40555.19,40555.19,40555.19,0.00,AST-ELG-001
APP-000003-AST-02,APP-000003,BORR-000003,savings,Cascade Mutual Credit Union,SYN-ACCT-000010,******0010,75316.79,75316.79,75316.79,75316.79,0.00,AST-ELG-001
APP-000003-AST-03,APP-000003,BORR-000003,brokerage,Tidewater Investment Services,SYN-ACCT-000011,******0011,8148.23,8148.23,6518.58,6518.58,0.20,AST-ELG-001
APP-000003-AST-04,APP-000003,BORR-000003,retirement,Meridian Retirement Trust,SYN-ACCT-000012,******0012,8691.43,8691.43,0,5214.86,0.40,AST-ELG-001
APP-000004-AST-01,APP-000004,BORR-000004,checking,Cascade Mutual Credit Union,SYN-ACCT-000013,******0013,26646.81,26646.81,26646.81,26646.81,0.00,AST-ELG-001
APP-000004-AST-02,APP-000004,BORR-000004,savings,Cascade Mutual Credit Union,SYN-ACCT-000014,******0014,49486.94,49486.94,49486.94,49486.94,0.00,AST-ELG-001
APP-000004-AST-03,APP-000004,BORR-000004,brokerage,Ravenscourt Securities,SYN-ACCT-000015,******0015,2221.48,2221.48,1777.18,1777.18,0.20,AST-ELG-001
APP-000004-AST-04,APP-000004,BORR-000004,retirement,Meridian Retirement Trust,SYN-ACCT-000016,******0016,2369.57,2369.57,0,1421.74,0.40,AST-ELG-001
APP-000005-AST-01,APP-000005,BORR-000005,checking,Cascade Mutual Credit Union,SYN-ACCT-000017,******0017,10054.70,10054.70,10054.70,10054.70,0.00,AST-ELG-001
APP-000005-AST-02,APP-000005,BORR-000005,savings,Cascade Mutual Credit Union,SYN-ACCT-000018,******0018,18673.01,18673.01,18673.01,18673.01,0.00,AST-ELG-001
APP-000005-AST-03,APP-000005,BORR-000005,brokerage,Ravenscourt Securities,SYN-ACCT-000019,******0019,4835.56,4835.56,3868.45,3868.45,0.20,AST-ELG-001
APP-000005-AST-04,APP-000005,BORR-000005,retirement,Meridian Retirement Trust,SYN-ACCT-000020,******0020,5157.93,5157.93,0,3094.76,0.40,AST-ELG-001
APP-000006-AST-01,APP-000006,BORR-000007,checking,Cascade Mutual Credit Union,SYN-ACCT-000021,******0021,20772.78,20772.78,20772.78,20772.78,0.00,AST-ELG-001
APP-000006-AST-02,APP-000006,BORR-000007,savings,Cascade Mutual Credit Union,SYN-ACCT-000022,******0022,38578.02,38578.02,38578.02,38578.02,0.00,AST-ELG-001
APP-000007-AST-01,APP-000007,BORR-000008,checking,Harbor Point Savings,SYN-ACCT-000023,******0023,10147.40,10147.40,10147.40,10147.40,0.00,AST-ELG-001
APP-000007-AST-02,APP-000007,BORR-000008,savings,Harbor Point Savings,SYN-ACCT-000024,******0024,18845.17,18845.17,18845.17,18845.17,0.00,AST-ELG-001
APP-000008-AST-01,APP-000008,BORR-000009,checking,Sablefield Trust,SYN-ACCT-000025,******0025,33345.30,33345.30,33345.30,33345.30,0.00,AST-ELG-001
APP-000008-AST-02,APP-000008,BORR-000009,savings,Sablefield Trust,SYN-ACCT-000026,******0026,61926.99,61926.99,61926.99,61926.99,0.00,AST-ELG-001
APP-000008-AST-03,APP-000008,BORR-000009,brokerage,Tidewater Investment Services,SYN-ACCT-000027,******0027,6813.45,6813.45,5450.76,5450.76,0.20,AST-ELG-001
APP-000008-AST-04,APP-000008,BORR-000009,retirement,Meridian Retirement Trust,SYN-ACCT-000028,******0028,7267.68,7267.68,0,4360.61,0.40,AST-ELG-001
APP-000009-AST-01,APP-000009,BORR-000010,checking,Harbor Point Savings,SYN-ACCT-000029,******0029,33587.20,33587.20,33587.20,33587.20,0.00,AST-ELG-001
APP-000009-AST-02,APP-000009,BORR-000010,savings,Harbor Point Savings,SYN-ACCT-000030,******0030,62376.24,62376.24,62376.24,62376.24,0.00,AST-ELG-001
APP-000009-AST-03,APP-000009,BORR-000010,brokerage,Tidewater Investment Services,SYN-ACCT-000031,******0031,6594.08,6594.08,5275.26,5275.26,0.20,AST-ELG-001
APP-000009-AST-04,APP-000009,BORR-000010,retirement,Meridian Retirement Trust,SYN-ACCT-000032,******0032,7033.68,7033.68,0,4220.21,0.40,AST-ELG-001
APP-000010-AST-01,APP-000010,BORR-000011,checking,Northwind Community Bank,SYN-ACCT-000033,******0033,28555.09,28555.09,28555.09,28555.09,0.00,AST-ELG-001
APP-000010-AST-02,APP-000010,BORR-000011,savings,Northwind Community Bank,SYN-ACCT-000034,******0034,53030.88,53030.88,53030.88,53030.88,0.00,AST-ELG-001
APP-000010-AST-03,APP-000010,BORR-000011,brokerage,Ravenscourt Securities,SYN-ACCT-000035,******0035,4023.33,4023.33,3218.66,3218.66,0.20,AST-ELG-001
APP-000010-AST-04,APP-000010,BORR-000011,retirement,Meridian Retirement Trust,SYN-ACCT-000036,******0036,4291.55,4291.55,0,2574.93,0.40,AST-ELG-001
APP-000011-AST-01,APP-000011,BORR-000012,checking,Northwind Community Bank,SYN-ACCT-000037,******0037,34939.50,34939.50,34939.50,34939.50,0.00,AST-ELG-001
APP-000011-AST-02,APP-000011,BORR-000012,savings,Northwind Community Bank,SYN-ACCT-000038,******0038,64887.65,64887.65,64887.65,64887.65,0.00,AST-ELG-001
APP-000011-AST-03,APP-000011,BORR-000012,brokerage,Tidewater Investment Services,SYN-ACCT-000039,******0039,6952.50,6952.50,5562.00,5562.00,0.20,AST-ELG-001
APP-000011-AST-04,APP-000011,BORR-000012,retirement,Meridian Retirement Trust,SYN-ACCT-000040,******0040,7416.00,7416.00,0,4449.60,0.40,AST-ELG-001
APP-000012-AST-01,APP-000012,BORR-000013,checking,Harbor Point Savings,SYN-ACCT-000041,******0041,39729.65,39729.65,39729.65,39729.65,0.00,AST-ELG-001
APP-000012-AST-02,APP-000012,BORR-000013,savings,Harbor Point Savings,SYN-ACCT-000042,******0042,73783.63,73783.63,73783.63,73783.63,0.00,AST-ELG-001
APP-000012-AST-03,APP-000012,BORR-000013,brokerage,Ravenscourt Securities,SYN-ACCT-000043,******0043,7482.88,7482.88,5986.30,5986.30,0.20,AST-ELG-001
APP-000012-AST-04,APP-000012,BORR-000013,retirement,Meridian Retirement Trust,SYN-ACCT-000044,******0044,7981.73,7981.73,0,4789.04,0.40,AST-ELG-001
APP-000013-AST-01,APP-000013,BORR-000014,checking,Cascade Mutual Credit Union,SYN-ACCT-000045,******0045,42450.37,42450.37,42450.37,42450.37,0.00,AST-ELG-001
APP-000013-AST-02,APP-000013,BORR-000014,savings,Cascade Mutual Credit Union,SYN-ACCT-000046,******0046,78836.41,78836.41,78836.41,78836.41,0.00,AST-ELG-001
APP-000013-AST-03,APP-000013,BORR-000014,brokerage,Tidewater Investment Services,SYN-ACCT-000047,******0047,6130.49,6130.49,4904.39,4904.39,0.20,AST-ELG-001
APP-000013-AST-04,APP-000013,BORR-000014,retirement,Meridian Retirement Trust,SYN-ACCT-000048,******0048,6539.18,6539.18,0,3923.51,0.40,AST-ELG-001
APP-000014-AST-01,APP-000014,BORR-000016,checking,Harbor Point Savings,SYN-ACCT-000049,******0049,30098.01,30098.01,30098.01,30098.01,0.00,AST-ELG-001
APP-000014-AST-02,APP-000014,BORR-000016,savings,Harbor Point Savings,SYN-ACCT-000050,******0050,55896.29,55896.29,55896.29,55896.29,0.00,AST-ELG-001
APP-000014-AST-03,APP-000014,BORR-000016,brokerage,Ravenscourt Securities,SYN-ACCT-000051,******0051,3608.44,3608.44,2886.75,2886.75,0.20,AST-ELG-001
APP-000014-AST-04,APP-000014,BORR-000016,retirement,Meridian Retirement Trust,SYN-ACCT-000052,******0052,3849.00,3849.00,0,2309.40,0.40,AST-ELG-001
APP-000015-AST-01,APP-000015,BORR-000017,checking,Northwind Community Bank,SYN-ACCT-000053,******0053,39575.43,39575.43,39575.43,39575.43,0.00,AST-ELG-001
APP-000015-AST-02,APP-000015,BORR-000017,savings,Northwind Community Bank,SYN-ACCT-000054,******0054,73497.22,73497.22,73497.22,73497.22,0.00,AST-ELG-001
APP-000015-AST-03,APP-000015,BORR-000017,brokerage,Ravenscourt Securities,SYN-ACCT-000055,******0055,6932.51,6932.51,5546.01,5546.01,0.20,AST-ELG-001
APP-000015-AST-04,APP-000015,BORR-000017,retirement,Meridian Retirement Trust,SYN-ACCT-000056,******0056,7394.68,7394.68,0,4436.81,0.40,AST-ELG-001
APP-000016-AST-01,APP-000016,BORR-000019,checking,Sablefield Trust,SYN-ACCT-000057,******0057,42175.44,42175.44,42175.44,42175.44,0.00,AST-ELG-001
APP-000016-AST-02,APP-000016,BORR-000019,savings,Sablefield Trust,SYN-ACCT-000058,******0058,78325.83,78325.83,78325.83,78325.83,0.00,AST-ELG-001
APP-000016-AST-03,APP-000016,BORR-000019,brokerage,Tidewater Investment Services,SYN-ACCT-000059,******0059,11880.04,11880.04,9504.03,9504.03,0.20,AST-ELG-001
APP-000016-AST-04,APP-000016,BORR-000019,retirement,Meridian Retirement Trust,SYN-ACCT-000060,******0060,12672.03,12672.03,0,7603.22,0.40,AST-ELG-001
APP-000017-AST-01,APP-000017,BORR-000020,checking,Sablefield Trust,SYN-ACCT-000061,******0061,147519.39,147519.39,147519.39,147519.39,0.00,AST-ELG-001
APP-000017-AST-02,APP-000017,BORR-000020,savings,Sablefield Trust,SYN-ACCT-000062,******0062,273964.58,273964.58,273964.58,273964.58,0.00,AST-ELG-001
APP-000017-AST-03,APP-000017,BORR-000020,brokerage,Ravenscourt Securities,SYN-ACCT-000063,******0063,31837.84,31837.84,25470.27,25470.27,0.20,AST-ELG-001
APP-000017-AST-04,APP-000017,BORR-000020,retirement,Meridian Retirement Trust,SYN-ACCT-000064,******0064,33960.37,33960.37,0,20376.22,0.40,AST-ELG-001
APP-000018-AST-01,APP-000018,BORR-000021,checking,Sablefield Trust,SYN-ACCT-000065,******0065,285477.14,285477.14,285477.14,285477.14,0.00,AST-ELG-001
APP-000018-AST-02,APP-000018,BORR-000021,savings,Sablefield Trust,SYN-ACCT-000066,******0066,530171.84,530171.84,530171.84,530171.84,0.00,AST-ELG-001
APP-000018-AST-03,APP-000018,BORR-000021,brokerage,Ravenscourt Securities,SYN-ACCT-000067,******0067,57082.43,57082.43,45665.94,45665.94,0.20,AST-ELG-001
APP-000018-AST-04,APP-000018,BORR-000021,retirement,Meridian Retirement Trust,SYN-ACCT-000068,******0068,60887.92,60887.92,0,36532.75,0.40,AST-ELG-001
APP-000019-AST-01,APP-000019,BORR-000022,checking,Northwind Community Bank,SYN-ACCT-000069,******0069,4497.04,4497.04,4497.04,4497.04,0.00,AST-ELG-001
APP-000019-AST-02,APP-000019,BORR-000022,savings,Northwind Community Bank,SYN-ACCT-000070,******0070,8351.65,8351.65,8351.65,8351.65,0.00,AST-ELG-001
APP-000019-AST-03,APP-000019,BORR-000022,brokerage,Ravenscourt Securities,SYN-ACCT-000071,******0071,1435.01,1435.01,1148.01,1148.01,0.20,AST-ELG-001
APP-000019-AST-04,APP-000019,BORR-000022,retirement,Meridian Retirement Trust,SYN-ACCT-000072,******0072,1530.68,1530.68,0,918.41,0.40,AST-ELG-001
APP-000020-AST-01,APP-000020,BORR-000024,checking,Cascade Mutual Credit Union,SYN-ACCT-000073,******0073,2557.21,2557.21,2557.21,2557.21,0.00,AST-ELG-001
APP-000020-AST-02,APP-000020,BORR-000024,savings,Cascade Mutual Credit Union,SYN-ACCT-000074,******0074,4749.11,4749.11,4749.11,4749.11,0.00,AST-ELG-001
APP-000020-AST-03,APP-000020,BORR-000024,brokerage,Tidewater Investment Services,SYN-ACCT-000075,******0075,1935.14,1935.14,1548.11,1548.11,0.20,AST-ELG-001
APP-000020-AST-04,APP-000020,BORR-000024,retirement,Meridian Retirement Trust,SYN-ACCT-000076,******0076,2064.15,2064.15,0,1238.49,0.40,AST-ELG-001
APP-000021-AST-01,APP-000021,BORR-000025,checking,Sablefield Trust,SYN-ACCT-000077,******0077,2477.85,2477.85,2477.85,2477.85,0.00,AST-ELG-001
APP-000021-AST-02,APP-000021,BORR-000025,savings,Sablefield Trust,SYN-ACCT-000078,******0078,4601.72,4601.72,4601.72,4601.72,0.00,AST-ELG-001
APP-000021-AST-03,APP-000021,BORR-000025,brokerage,Ravenscourt Securities,SYN-ACCT-000079,******0079,2026.53,2026.53,1621.22,1621.22,0.20,AST-ELG-001
APP-000021-AST-04,APP-000021,BORR-000025,retirement,Meridian Retirement Trust,SYN-ACCT-000080,******0080,2161.63,2161.63,0,1296.98,0.40,AST-ELG-001
APP-000022-AST-01,APP-000022,BORR-000026,checking,Harbor Point Savings,SYN-ACCT-000081,******0081,7408.37,7408.37,7408.37,7408.37,0.00,AST-ELG-001
APP-000022-AST-02,APP-000022,BORR-000026,savings,Harbor Point Savings,SYN-ACCT-000082,******0082,13758.39,13758.39,13758.39,13758.39,0.00,AST-ELG-001
APP-000022-AST-03,APP-000022,BORR-000026,brokerage,Tidewater Investment Services,SYN-ACCT-000083,******0083,6249.14,6249.14,4999.31,4999.31,0.20,AST-ELG-001
APP-000022-AST-04,APP-000022,BORR-000026,retirement,Meridian Retirement Trust,SYN-ACCT-000084,******0084,6665.73,6665.73,0,3999.44,0.40,AST-ELG-001
APP-000023-AST-01,APP-000023,BORR-000028,checking,Cascade Mutual Credit Union,SYN-ACCT-000085,******0085,3997.53,3997.53,3997.53,3997.53,0.00,AST-ELG-001
APP-000023-AST-02,APP-000023,BORR-000028,savings,Cascade Mutual Credit Union,SYN-ACCT-000086,******0086,7423.99,7423.99,7423.99,7423.99,0.00,AST-ELG-001
APP-000023-AST-03,APP-000023,BORR-000028,brokerage,Tidewater Investment Services,SYN-ACCT-000087,******0087,6489.50,6489.50,5191.60,5191.60,0.20,AST-ELG-001
APP-000023-AST-04,APP-000023,BORR-000028,retirement,Meridian Retirement Trust,SYN-ACCT-000088,******0088,6922.13,6922.13,0,4153.28,0.40,AST-ELG-001
APP-000024-AST-01,APP-000024,BORR-000030,checking,Sablefield Trust,SYN-ACCT-000089,******0089,5153.94,5153.94,5153.94,5153.94,0.00,AST-ELG-001
APP-000024-AST-02,APP-000024,BORR-000030,savings,Sablefield Trust,SYN-ACCT-000090,******0090,9571.61,9571.61,9571.61,9571.61,0.00,AST-ELG-001
APP-000024-AST-03,APP-000024,BORR-000030,brokerage,Tidewater Investment Services,SYN-ACCT-000091,******0091,8366.80,8366.80,6693.44,6693.44,0.20,AST-ELG-001
APP-000024-AST-04,APP-000024,BORR-000030,retirement,Meridian Retirement Trust,SYN-ACCT-000092,******0092,8924.58,8924.58,0,5354.75,0.40,AST-ELG-001
APP-000025-AST-01,APP-000025,BORR-000031,checking,Harbor Point Savings,SYN-ACCT-000093,******0093,17451.81,17451.81,17451.81,17451.81,0.00,AST-ELG-001
APP-000025-AST-02,APP-000025,BORR-000031,savings,Harbor Point Savings,SYN-ACCT-000094,******0094,32410.49,32410.49,32410.49,32410.49,0.00,AST-ELG-001
APP-000025-AST-03,APP-000025,BORR-000031,brokerage,Tidewater Investment Services,SYN-ACCT-000095,******0095,5182.68,5182.68,4146.14,4146.14,0.20,AST-ELG-001
APP-000025-AST-04,APP-000025,BORR-000031,retirement,Meridian Retirement Trust,SYN-ACCT-000096,******0096,5528.18,5528.18,0,3316.91,0.40,AST-ELG-001
APP-000025-AST-05,APP-000025,BORR-000031,gift_funds,Harbor Point Savings,SYN-ACCT-000097,******0097,25000.00,25000.00,25000.00,0,0.00,AST-ELG-001
APP-000026-AST-01,APP-000026,BORR-000032,checking,Sablefield Trust,SYN-ACCT-000098,******0098,22608.81,22608.81,22608.81,22608.81,0.00,AST-ELG-001
APP-000026-AST-02,APP-000026,BORR-000032,savings,Sablefield Trust,SYN-ACCT-000099,******0099,41987.79,41987.79,41987.79,41987.79,0.00,AST-ELG-001
APP-000026-AST-03,APP-000026,BORR-000032,brokerage,Ravenscourt Securities,SYN-ACCT-000100,******0100,6762.33,6762.33,5409.86,5409.86,0.20,AST-ELG-001
APP-000026-AST-04,APP-000026,BORR-000032,retirement,Meridian Retirement Trust,SYN-ACCT-000101,******0101,7213.15,7213.15,0,4327.89,0.40,AST-ELG-001
APP-000026-AST-05,APP-000026,BORR-000032,gift_funds,Sablefield Trust,SYN-ACCT-000102,******0102,30000.00,30000.00,0,0,0.00,AST-SRC-001
APP-000027-AST-01,APP-000027,BORR-000033,checking,Cascade Mutual Credit Union,SYN-ACCT-000103,******0103,37936.70,37936.70,37936.70,37936.70,0.00,AST-ELG-001
APP-000027-AST-02,APP-000027,BORR-000033,savings,Cascade Mutual Credit Union,SYN-ACCT-000104,******0104,70453.88,70453.88,70453.88,70453.88,0.00,AST-ELG-001
APP-000027-AST-03,APP-000027,BORR-000033,brokerage,Ravenscourt Securities,SYN-ACCT-000105,******0105,4626.80,4626.80,3701.44,3701.44,0.20,AST-ELG-001
APP-000027-AST-04,APP-000027,BORR-000033,retirement,Meridian Retirement Trust,SYN-ACCT-000106,******0106,4935.25,4935.25,0,2961.15,0.40,AST-ELG-001
APP-000028-AST-01,APP-000028,BORR-000035,checking,Northwind Community Bank,SYN-ACCT-000107,******0107,30529.16,30529.16,30529.16,30529.16,0.00,AST-ELG-001
APP-000028-AST-02,APP-000028,BORR-000035,savings,Northwind Community Bank,SYN-ACCT-000108,******0108,56697.00,56697.00,56697.00,56697.00,0.00,AST-ELG-001
APP-000028-AST-03,APP-000028,BORR-000035,brokerage,Ravenscourt Securities,SYN-ACCT-000109,******0109,3039.91,3039.91,2431.93,2431.93,0.20,AST-ELG-001
APP-000028-AST-04,APP-000028,BORR-000035,retirement,Meridian Retirement Trust,SYN-ACCT-000110,******0110,3242.57,3242.57,0,1945.54,0.40,AST-ELG-001
APP-000029-AST-01,APP-000029,BORR-000036,checking,Cascade Mutual Credit Union,SYN-ACCT-000111,******0111,44957.64,44957.64,44957.64,44957.64,0.00,AST-ELG-001
APP-000029-AST-02,APP-000029,BORR-000036,savings,Cascade Mutual Credit Union,SYN-ACCT-000112,******0112,83492.75,83492.75,83492.75,83492.75,0.00,AST-ELG-001
APP-000029-AST-03,APP-000029,BORR-000036,brokerage,Ravenscourt Securities,SYN-ACCT-000113,******0113,7152.48,7152.48,5721.98,5721.98,0.20,AST-ELG-001
APP-000029-AST-04,APP-000029,BORR-000036,retirement,Meridian Retirement Trust,SYN-ACCT-000114,******0114,7629.30,7629.30,0,4577.58,0.40,AST-ELG-001
APP-000030-AST-01,APP-000030,BORR-000037,checking,Harbor Point Savings,SYN-ACCT-000115,******0115,33070.20,33070.20,33070.20,33070.20,0.00,AST-ELG-001
APP-000030-AST-02,APP-000030,BORR-000037,savings,Harbor Point Savings,SYN-ACCT-000116,******0116,61416.08,61416.08,61416.08,61416.08,0.00,AST-ELG-001
APP-000030-AST-03,APP-000030,BORR-000037,brokerage,Ravenscourt Securities,SYN-ACCT-000117,******0117,3858.66,3858.66,3086.93,3086.93,0.20,AST-ELG-001
APP-000030-AST-04,APP-000030,BORR-000037,retirement,Meridian Retirement Trust,SYN-ACCT-000118,******0118,4115.90,4115.90,0,2469.54,0.40,AST-ELG-001
APP-000031-AST-01,APP-000031,BORR-000038,checking,Cascade Mutual Credit Union,SYN-ACCT-000119,******0119,37225.97,37225.97,37225.97,37225.97,0.00,AST-ELG-001
APP-000031-AST-02,APP-000031,BORR-000038,savings,Cascade Mutual Credit Union,SYN-ACCT-000120,******0120,69133.95,69133.95,69133.95,69133.95,0.00,AST-ELG-001
APP-000031-AST-03,APP-000031,BORR-000038,brokerage,Ravenscourt Securities,SYN-ACCT-000121,******0121,3280.56,3280.56,2624.45,2624.45,0.20,AST-ELG-001
APP-000031-AST-04,APP-000031,BORR-000038,retirement,Meridian Retirement Trust,SYN-ACCT-000122,******0122,3499.27,3499.27,0,2099.56,0.40,AST-ELG-001
APP-000032-AST-01,APP-000032,BORR-000039,checking,Northwind Community Bank,SYN-ACCT-000123,******0123,33682.37,33682.37,33682.37,33682.37,0.00,AST-ELG-001
APP-000032-AST-02,APP-000032,BORR-000039,savings,Northwind Community Bank,SYN-ACCT-000124,******0124,62552.96,62552.96,62552.96,62552.96,0.00,AST-ELG-001
APP-000032-AST-03,APP-000032,BORR-000039,brokerage,Tidewater Investment Services,SYN-ACCT-000125,******0125,3878.90,3878.90,3103.12,3103.12,0.20,AST-ELG-001
APP-000032-AST-04,APP-000032,BORR-000039,retirement,Meridian Retirement Trust,SYN-ACCT-000126,******0126,4137.50,4137.50,0,2482.50,0.40,AST-ELG-001
APP-000033-AST-01,APP-000033,BORR-000040,checking,Harbor Point Savings,SYN-ACCT-000127,******0127,40872.93,40872.93,40872.93,40872.93,0.00,AST-ELG-001
APP-000033-AST-02,APP-000033,BORR-000040,savings,Harbor Point Savings,SYN-ACCT-000128,******0128,75906.86,75906.86,75906.86,75906.86,0.00,AST-ELG-001
APP-000033-AST-03,APP-000033,BORR-000040,brokerage,Tidewater Investment Services,SYN-ACCT-000129,******0129,5899.16,5899.16,4719.33,4719.33,0.20,AST-ELG-001
APP-000033-AST-04,APP-000033,BORR-000040,retirement,Meridian Retirement Trust,SYN-ACCT-000130,******0130,6292.43,6292.43,0,3775.46,0.40,AST-ELG-001
APP-000034-AST-01,APP-000034,BORR-000041,checking,Northwind Community Bank,SYN-ACCT-000131,******0131,29109.12,29109.12,29109.12,29109.12,0.00,AST-ELG-001
APP-000034-AST-02,APP-000034,BORR-000041,savings,Northwind Community Bank,SYN-ACCT-000132,******0132,54059.78,54059.78,54059.78,54059.78,0.00,AST-ELG-001
APP-000034-AST-03,APP-000034,BORR-000041,brokerage,Tidewater Investment Services,SYN-ACCT-000133,******0133,5765.31,5765.31,4612.25,4612.25,0.20,AST-ELG-001
APP-000034-AST-04,APP-000034,BORR-000041,retirement,Meridian Retirement Trust,SYN-ACCT-000134,******0134,6149.67,6149.67,0,3689.80,0.40,AST-ELG-001
APP-000035-AST-01,APP-000035,BORR-000042,checking,Cascade Mutual Credit Union,SYN-ACCT-000135,******0135,39634.49,39634.49,39634.49,39634.49,0.00,AST-ELG-001
APP-000035-AST-02,APP-000035,BORR-000042,savings,Cascade Mutual Credit Union,SYN-ACCT-000136,******0136,73606.91,73606.91,73606.91,73606.91,0.00,AST-ELG-001
APP-000035-AST-03,APP-000035,BORR-000042,brokerage,Ravenscourt Securities,SYN-ACCT-000137,******0137,4365.00,4365.00,3492.00,3492.00,0.20,AST-ELG-001
APP-000035-AST-04,APP-000035,BORR-000042,retirement,Meridian Retirement Trust,SYN-ACCT-000138,******0138,4656.00,4656.00,0,2793.60,0.40,AST-ELG-001
APP-000036-AST-01,APP-000036,BORR-000043,checking,Cascade Mutual Credit Union,SYN-ACCT-000139,******0139,37073.13,37073.13,37073.13,37073.13,0.00,AST-ELG-001
APP-000036-AST-02,APP-000036,BORR-000043,savings,Cascade Mutual Credit Union,SYN-ACCT-000140,******0140,68850.11,68850.11,68850.11,68850.11,0.00,AST-ELG-001
APP-000036-AST-03,APP-000036,BORR-000043,brokerage,Ravenscourt Securities,SYN-ACCT-000141,******0141,4463.08,4463.08,3570.46,3570.46,0.20,AST-ELG-001
APP-000036-AST-04,APP-000036,BORR-000043,retirement,Meridian Retirement Trust,SYN-ACCT-000142,******0142,4760.62,4760.62,0,2856.37,0.40,AST-ELG-001
APP-000037-AST-01,APP-000037,BORR-000045,checking,Harbor Point Savings,SYN-ACCT-000143,******0143,32005.76,32005.76,32005.76,32005.76,0.00,AST-ELG-001
APP-000037-AST-02,APP-000037,BORR-000045,savings,Harbor Point Savings,SYN-ACCT-000144,******0144,59439.27,59439.27,59439.27,59439.27,0.00,AST-ELG-001
APP-000037-AST-03,APP-000037,BORR-000045,brokerage,Ravenscourt Securities,SYN-ACCT-000145,******0145,4464.30,4464.30,3571.44,3571.44,0.20,AST-ELG-001
APP-000037-AST-04,APP-000037,BORR-000045,retirement,Meridian Retirement Trust,SYN-ACCT-000146,******0146,4761.92,4761.92,0,2857.15,0.40,AST-ELG-001
APP-000038-AST-01,APP-000038,BORR-000046,checking,Sablefield Trust,SYN-ACCT-000147,******0147,31648.05,31648.05,31648.05,31648.05,0.00,AST-ELG-001
APP-000038-AST-02,APP-000038,BORR-000046,savings,Sablefield Trust,SYN-ACCT-000148,******0148,58774.95,58774.95,58774.95,58774.95,0.00,AST-ELG-001
APP-000038-AST-03,APP-000038,BORR-000046,brokerage,Ravenscourt Securities,SYN-ACCT-000149,******0149,3798.38,3798.38,3038.70,3038.70,0.20,AST-ELG-001
APP-000038-AST-04,APP-000038,BORR-000046,retirement,Meridian Retirement Trust,SYN-ACCT-000150,******0150,4051.60,4051.60,0,2430.96,0.40,AST-ELG-001
APP-000039-AST-01,APP-000039,BORR-000047,checking,Northwind Community Bank,SYN-ACCT-000151,******0151,33807.22,33807.22,33807.22,33807.22,0.00,AST-ELG-001
APP-000039-AST-02,APP-000039,BORR-000047,savings,Northwind Community Bank,SYN-ACCT-000152,******0152,62784.83,62784.83,62784.83,62784.83,0.00,AST-ELG-001
APP-000039-AST-03,APP-000039,BORR-000047,brokerage,Tidewater Investment Services,SYN-ACCT-000153,******0153,3954.48,3954.48,3163.58,3163.58,0.20,AST-ELG-001
APP-000039-AST-04,APP-000039,BORR-000047,retirement,Meridian Retirement Trust,SYN-ACCT-000154,******0154,4218.10,4218.10,0,2530.86,0.40,AST-ELG-001
APP-000040-AST-01,APP-000040,BORR-000048,checking,Sablefield Trust,SYN-ACCT-000155,******0155,50555.18,50555.18,33821.85,33821.85,0.00,AST-ELG-001
APP-000040-AST-02,APP-000040,BORR-000048,savings,Sablefield Trust,SYN-ACCT-000156,******0156,62812.01,62812.01,62812.01,62812.01,0.00,AST-ELG-001
APP-000041-AST-01,APP-000041,BORR-000049,checking,Cascade Mutual Credit Union,SYN-ACCT-000157,******0157,3883.39,3883.39,3883.39,3883.39,0.00,AST-ELG-001
APP-000041-AST-02,APP-000041,BORR-000049,savings,Cascade Mutual Credit Union,SYN-ACCT-000158,******0158,7212.01,7212.01,7212.01,7212.01,0.00,AST-ELG-001
APP-000041-AST-03,APP-000041,BORR-000049,brokerage,Ravenscourt Securities,SYN-ACCT-000159,******0159,3445.50,3445.50,2756.40,2756.40,0.20,AST-ELG-001
APP-000041-AST-04,APP-000041,BORR-000049,retirement,Meridian Retirement Trust,SYN-ACCT-000160,******0160,3675.20,3675.20,0,2205.12,0.40,AST-ELG-001
APP-000041-AST-05,APP-000041,BORR-000049,gift_funds,Cascade Mutual Credit Union,SYN-ACCT-000161,******0161,52000.00,52000.00,52000.00,0,0.00,AST-ELG-001
APP-000042-AST-01,APP-000042,BORR-000050,checking,Sablefield Trust,SYN-ACCT-000162,******0162,4621.68,4621.68,4621.68,4621.68,0.00,AST-ELG-001
APP-000042-AST-02,APP-000042,BORR-000050,savings,Sablefield Trust,SYN-ACCT-000163,******0163,8583.12,8583.12,8583.12,8583.12,0.00,AST-ELG-001
APP-000042-AST-03,APP-000042,BORR-000050,brokerage,Ravenscourt Securities,SYN-ACCT-000164,******0164,3406.73,3406.73,2725.38,2725.38,0.20,AST-ELG-001
APP-000042-AST-04,APP-000042,BORR-000050,retirement,Meridian Retirement Trust,SYN-ACCT-000165,******0165,3633.83,3633.83,0,2180.30,0.40,AST-ELG-001
APP-000042-AST-05,APP-000042,BORR-000050,gift_funds,Sablefield Trust,SYN-ACCT-000166,******0166,48000.00,48000.00,48000.00,0,0.00,AST-ELG-001
APP-000043-AST-01,APP-000043,BORR-000051,checking,Sablefield Trust,SYN-ACCT-000167,******0167,33362.82,33362.82,33362.82,33362.82,0.00,AST-ELG-001
APP-000043-AST-02,APP-000043,BORR-000051,savings,Sablefield Trust,SYN-ACCT-000168,******0168,61959.53,61959.53,61959.53,61959.53,0.00,AST-ELG-001
APP-000043-AST-03,APP-000043,BORR-000051,brokerage,Ravenscourt Securities,SYN-ACCT-000169,******0169,3641.25,3641.25,2913.00,2913.00,0.20,AST-ELG-001
APP-000043-AST-04,APP-000043,BORR-000051,retirement,Meridian Retirement Trust,SYN-ACCT-000170,******0170,3884.00,3884.00,0,2330.40,0.40,AST-ELG-001
APP-000044-AST-01,APP-000044,BORR-000052,checking,Harbor Point Savings,SYN-ACCT-000171,******0171,43825.17,43825.17,43825.17,43825.17,0.00,AST-ELG-001
APP-000044-AST-02,APP-000044,BORR-000052,savings,Harbor Point Savings,SYN-ACCT-000172,******0172,81389.59,81389.59,81389.59,81389.59,0.00,AST-ELG-001
APP-000044-AST-03,APP-000044,BORR-000052,brokerage,Tidewater Investment Services,SYN-ACCT-000173,******0173,14362.43,14362.43,11489.94,11489.94,0.20,AST-ELG-001
APP-000044-AST-04,APP-000044,BORR-000052,retirement,Meridian Retirement Trust,SYN-ACCT-000174,******0174,15319.92,15319.92,0,9191.95,0.40,AST-ELG-001
APP-000045-AST-01,APP-000045,BORR-000053,checking,Cascade Mutual Credit Union,SYN-ACCT-000175,******0175,28434.46,28434.46,28434.46,28434.46,0.00,AST-ELG-001
APP-000045-AST-02,APP-000045,BORR-000053,savings,Cascade Mutual Credit Union,SYN-ACCT-000176,******0176,52806.86,52806.86,52806.86,52806.86,0.00,AST-ELG-001
APP-000045-AST-03,APP-000045,BORR-000053,brokerage,Tidewater Investment Services,SYN-ACCT-000177,******0177,4303.94,4303.94,3443.15,3443.15,0.20,AST-ELG-001
APP-000045-AST-04,APP-000045,BORR-000053,retirement,Meridian Retirement Trust,SYN-ACCT-000178,******0178,4590.87,4590.87,0,2754.52,0.40,AST-ELG-001
APP-000046-AST-01,APP-000046,BORR-000055,checking,Sablefield Trust,SYN-ACCT-000179,******0179,40778.01,40778.01,40778.01,40778.01,0.00,AST-ELG-001
APP-000046-AST-02,APP-000046,BORR-000055,savings,Sablefield Trust,SYN-ACCT-000180,******0180,75730.58,75730.58,75730.58,75730.58,0.00,AST-ELG-001
APP-000046-AST-03,APP-000046,BORR-000055,brokerage,Tidewater Investment Services,SYN-ACCT-000181,******0181,7434.23,7434.23,5947.38,5947.38,0.20,AST-ELG-001
APP-000046-AST-04,APP-000046,BORR-000055,retirement,Meridian Retirement Trust,SYN-ACCT-000182,******0182,7929.83,7929.83,0,4757.90,0.40,AST-ELG-001
APP-000047-AST-01,APP-000047,BORR-000056,checking,Sablefield Trust,SYN-ACCT-000183,******0183,42797.20,42797.20,42797.20,42797.20,0.00,AST-ELG-001
APP-000047-AST-02,APP-000047,BORR-000056,savings,Sablefield Trust,SYN-ACCT-000184,******0184,79480.52,79480.52,79480.52,79480.52,0.00,AST-ELG-001
APP-000047-AST-03,APP-000047,BORR-000056,brokerage,Tidewater Investment Services,SYN-ACCT-000185,******0185,7976.43,7976.43,6381.14,6381.14,0.20,AST-ELG-001
APP-000047-AST-04,APP-000047,BORR-000056,retirement,Meridian Retirement Trust,SYN-ACCT-000186,******0186,8508.18,8508.18,0,5104.91,0.40,AST-ELG-001
APP-000048-AST-01,APP-000048,BORR-000058,checking,Northwind Community Bank,SYN-ACCT-000187,******0187,43727.52,43727.52,43727.52,43727.52,0.00,AST-ELG-001
APP-000048-AST-02,APP-000048,BORR-000058,savings,Northwind Community Bank,SYN-ACCT-000188,******0188,81208.25,81208.25,81208.25,81208.25,0.00,AST-ELG-001
APP-000048-AST-03,APP-000048,BORR-000058,brokerage,Ravenscourt Securities,SYN-ACCT-000189,******0189,6126.24,6126.24,4900.99,4900.99,0.20,AST-ELG-001
APP-000048-AST-04,APP-000048,BORR-000058,retirement,Meridian Retirement Trust,SYN-ACCT-000190,******0190,6534.65,6534.65,0,3920.79,0.40,AST-ELG-001
APP-000049-AST-01,APP-000049,BORR-000059,checking,Cascade Mutual Credit Union,SYN-ACCT-000191,******0191,34670.91,34670.91,34670.91,34670.91,0.00,AST-ELG-001
APP-000049-AST-02,APP-000049,BORR-000059,savings,Cascade Mutual Credit Union,SYN-ACCT-000192,******0192,64388.82,64388.82,64388.82,64388.82,0.00,AST-ELG-001
APP-000049-AST-03,APP-000049,BORR-000059,brokerage,Ravenscourt Securities,SYN-ACCT-000193,******0193,9298.20,9298.20,7438.56,7438.56,0.20,AST-ELG-001
APP-000049-AST-04,APP-000049,BORR-000059,retirement,Meridian Retirement Trust,SYN-ACCT-000194,******0194,9918.08,9918.08,0,5950.85,0.40,AST-ELG-001
APP-000050-AST-01,APP-000050,BORR-000060,checking,Northwind Community Bank,SYN-ACCT-000195,******0195,28424.00,28424.00,28424.00,28424.00,0.00,AST-ELG-001
APP-000050-AST-02,APP-000050,BORR-000060,savings,Northwind Community Bank,SYN-ACCT-000196,******0196,52787.43,52787.43,52787.43,52787.43,0.00,AST-ELG-001
APP-000051-AST-01,APP-000051,BORR-000062,checking,Cascade Mutual Credit Union,SYN-ACCT-000197,******0197,36313.91,36313.91,36313.91,36313.91,0.00,AST-ELG-001
APP-000051-AST-02,APP-000051,BORR-000062,savings,Cascade Mutual Credit Union,SYN-ACCT-000198,******0198,67440.11,67440.11,67440.11,67440.11,0.00,AST-ELG-001
APP-000051-AST-03,APP-000051,BORR-000062,brokerage,Tidewater Investment Services,SYN-ACCT-000199,******0199,5907.60,5907.60,4726.08,4726.08,0.20,AST-ELG-001
APP-000051-AST-04,APP-000051,BORR-000062,retirement,Meridian Retirement Trust,SYN-ACCT-000200,******0200,6301.43,6301.43,0,3780.86,0.40,AST-ELG-001
APP-000052-AST-01,APP-000052,BORR-000063,checking,Northwind Community Bank,SYN-ACCT-000201,******0201,42680.66,42680.66,42680.66,42680.66,0.00,AST-ELG-001
APP-000052-AST-02,APP-000052,BORR-000063,savings,Northwind Community Bank,SYN-ACCT-000202,******0202,79264.09,79264.09,79264.09,79264.09,0.00,AST-ELG-001
APP-000052-AST-03,APP-000052,BORR-000063,brokerage,Tidewater Investment Services,SYN-ACCT-000203,******0203,8475.13,8475.13,6780.10,6780.10,0.20,AST-ELG-001
APP-000052-AST-04,APP-000052,BORR-000063,retirement,Meridian Retirement Trust,SYN-ACCT-000204,******0204,9040.13,9040.13,0,5424.08,0.40,AST-ELG-001
APP-000053-AST-01,APP-000053,BORR-000064,checking,Sablefield Trust,SYN-ACCT-000205,******0205,52903.01,52903.01,52903.01,52903.01,0.00,AST-ELG-001
APP-000053-AST-02,APP-000053,BORR-000064,savings,Sablefield Trust,SYN-ACCT-000206,******0206,98248.45,98248.45,98248.45,98248.45,0.00,AST-ELG-001
APP-000053-AST-03,APP-000053,BORR-000064,brokerage,Ravenscourt Securities,SYN-ACCT-000207,******0207,10277.85,10277.85,8222.28,8222.28,0.20,AST-ELG-001
APP-000053-AST-04,APP-000053,BORR-000064,retirement,Meridian Retirement Trust,SYN-ACCT-000208,******0208,10963.03,10963.03,0,6577.82,0.40,AST-ELG-001
APP-000054-AST-01,APP-000054,BORR-000065,checking,Sablefield Trust,SYN-ACCT-000209,******0209,35045.08,35045.08,35045.08,35045.08,0.00,AST-ELG-001
APP-000054-AST-02,APP-000054,BORR-000065,savings,Sablefield Trust,SYN-ACCT-000210,******0210,65083.72,65083.72,65083.72,65083.72,0.00,AST-ELG-001
APP-000054-AST-03,APP-000054,BORR-000065,brokerage,Ravenscourt Securities,SYN-ACCT-000211,******0211,6372.19,6372.19,5097.75,5097.75,0.20,AST-ELG-001
APP-000054-AST-04,APP-000054,BORR-000065,retirement,Meridian Retirement Trust,SYN-ACCT-000212,******0212,6797.00,6797.00,0,4078.20,0.40,AST-ELG-001
APP-000055-AST-01,APP-000055,BORR-000066,checking,Sablefield Trust,SYN-ACCT-000213,******0213,16122.56,16122.56,16122.56,16122.56,0.00,AST-ELG-001
APP-000055-AST-02,APP-000055,BORR-000066,savings,Sablefield Trust,SYN-ACCT-000214,******0214,29941.89,29941.89,29941.89,29941.89,0.00,AST-ELG-001
APP-000055-AST-03,APP-000055,BORR-000066,brokerage,Ravenscourt Securities,SYN-ACCT-000215,******0215,3347.58,3347.58,2678.06,2678.06,0.20,AST-ELG-001
APP-000055-AST-04,APP-000055,BORR-000066,retirement,Meridian Retirement Trust,SYN-ACCT-000216,******0216,3570.75,3570.75,0,2142.45,0.40,AST-ELG-001
APP-000056-AST-01,APP-000056,BORR-000067,checking,Cascade Mutual Credit Union,SYN-ACCT-000217,******0217,17562.10,17562.10,17562.10,17562.10,0.00,AST-ELG-001
APP-000056-AST-02,APP-000056,BORR-000067,savings,Cascade Mutual Credit Union,SYN-ACCT-000218,******0218,32615.34,32615.34,32615.34,32615.34,0.00,AST-ELG-001
APP-000056-AST-03,APP-000056,BORR-000067,brokerage,Tidewater Investment Services,SYN-ACCT-000219,******0219,3658.99,3658.99,2927.19,2927.19,0.20,AST-ELG-001
APP-000056-AST-04,APP-000056,BORR-000067,retirement,Meridian Retirement Trust,SYN-ACCT-000220,******0220,3902.92,3902.92,0,2341.75,0.40,AST-ELG-001
APP-000057-AST-01,APP-000057,BORR-000068,checking,Harbor Point Savings,SYN-ACCT-000221,******0221,53114.01,53114.01,53114.01,53114.01,0.00,AST-ELG-001
APP-000057-AST-02,APP-000057,BORR-000068,savings,Harbor Point Savings,SYN-ACCT-000222,******0222,98640.29,98640.29,98640.29,98640.29,0.00,AST-ELG-001
APP-000057-AST-03,APP-000057,BORR-000068,brokerage,Tidewater Investment Services,SYN-ACCT-000223,******0223,7724.90,7724.90,6179.92,6179.92,0.20,AST-ELG-001
APP-000057-AST-04,APP-000057,BORR-000068,retirement,Meridian Retirement Trust,SYN-ACCT-000224,******0224,8239.88,8239.88,0,4943.93,0.40,AST-ELG-001
APP-000058-AST-01,APP-000058,BORR-000070,checking,Harbor Point Savings,SYN-ACCT-000225,******0225,15252.73,15252.73,15252.73,15252.73,0.00,AST-ELG-001
APP-000058-AST-02,APP-000058,BORR-000070,savings,Harbor Point Savings,SYN-ACCT-000226,******0226,28326.49,28326.49,28326.49,28326.49,0.00,AST-ELG-001
APP-000058-AST-03,APP-000058,BORR-000070,brokerage,Ravenscourt Securities,SYN-ACCT-000227,******0227,6438.25,6438.25,5150.60,5150.60,0.20,AST-ELG-001
APP-000058-AST-04,APP-000058,BORR-000070,retirement,Meridian Retirement Trust,SYN-ACCT-000228,******0228,6867.47,6867.47,0,4120.48,0.40,AST-ELG-001
APP-000059-AST-01,APP-000059,BORR-000071,checking,Harbor Point Savings,SYN-ACCT-000229,******0229,13134.17,13134.17,13134.17,13134.17,0.00,AST-ELG-001
APP-000059-AST-02,APP-000059,BORR-000071,savings,Harbor Point Savings,SYN-ACCT-000230,******0230,24392.04,24392.04,24392.04,24392.04,0.00,AST-ELG-001
APP-000059-AST-03,APP-000059,BORR-000071,brokerage,Ravenscourt Securities,SYN-ACCT-000231,******0231,5625.69,5625.69,4500.55,4500.55,0.20,AST-ELG-001
APP-000059-AST-04,APP-000059,BORR-000071,retirement,Meridian Retirement Trust,SYN-ACCT-000232,******0232,6000.73,6000.73,0,3600.44,0.40,AST-ELG-001
APP-000060-AST-01,APP-000060,BORR-000072,checking,Cascade Mutual Credit Union,SYN-ACCT-000233,******0233,10792.25,10792.25,10792.25,10792.25,0.00,AST-ELG-001
APP-000060-AST-02,APP-000060,BORR-000072,savings,Cascade Mutual Credit Union,SYN-ACCT-000234,******0234,20042.74,20042.74,20042.74,20042.74,0.00,AST-ELG-001
APP-000060-AST-03,APP-000060,BORR-000072,brokerage,Ravenscourt Securities,SYN-ACCT-000235,******0235,5407.14,5407.14,4325.71,4325.71,0.20,AST-ELG-001
APP-000060-AST-04,APP-000060,BORR-000072,retirement,Meridian Retirement Trust,SYN-ACCT-000236,******0236,5767.62,5767.62,0,3460.57,0.40,AST-ELG-001
APP-000061-AST-01,APP-000061,BORR-000073,checking,Northwind Community Bank,SYN-ACCT-000237,******0237,39741.59,39741.59,39741.59,39741.59,0.00,AST-ELG-001
APP-000061-AST-02,APP-000061,BORR-000073,savings,Northwind Community Bank,SYN-ACCT-000238,******0238,73805.82,73805.82,73805.82,73805.82,0.00,AST-ELG-001
APP-000061-AST-03,APP-000061,BORR-000073,brokerage,Tidewater Investment Services,SYN-ACCT-000239,******0239,8888.18,8888.18,7110.54,7110.54,0.20,AST-ELG-001
APP-000061-AST-04,APP-000061,BORR-000073,retirement,Meridian Retirement Trust,SYN-ACCT-000240,******0240,9480.72,9480.72,0,5688.43,0.40,AST-ELG-001
APP-000062-AST-01,APP-000062,BORR-000075,checking,Cascade Mutual Credit Union,SYN-ACCT-000241,******0241,40438.64,40438.64,40438.64,40438.64,0.00,AST-ELG-001
APP-000062-AST-02,APP-000062,BORR-000075,savings,Cascade Mutual Credit Union,SYN-ACCT-000242,******0242,75100.34,75100.34,75100.34,75100.34,0.00,AST-ELG-001
APP-000062-AST-03,APP-000062,BORR-000075,brokerage,Tidewater Investment Services,SYN-ACCT-000243,******0243,8035.73,8035.73,6428.58,6428.58,0.20,AST-ELG-001
APP-000062-AST-04,APP-000062,BORR-000075,retirement,Meridian Retirement Trust,SYN-ACCT-000244,******0244,8571.43,8571.43,0,5142.86,0.40,AST-ELG-001
APP-000063-AST-01,APP-000063,BORR-000001,checking,Northwind Community Bank,SYN-ACCT-000245,******0245,41553.30,41553.30,41553.30,41553.30,0.00,AST-ELG-001
APP-000063-AST-02,APP-000063,BORR-000001,savings,Northwind Community Bank,SYN-ACCT-000246,******0246,77170.41,77170.41,77170.41,77170.41,0.00,AST-ELG-001
APP-000063-AST-03,APP-000063,BORR-000001,brokerage,Tidewater Investment Services,SYN-ACCT-000247,******0247,8146.91,8146.91,6517.53,6517.53,0.20,AST-ELG-001
APP-000063-AST-04,APP-000063,BORR-000001,retirement,Meridian Retirement Trust,SYN-ACCT-000248,******0248,8690.03,8690.03,0,5214.02,0.40,AST-ELG-001
APP-000064-AST-01,APP-000064,BORR-000011,checking,Harbor Point Savings,SYN-ACCT-000249,******0249,35777.67,35777.67,35777.67,35777.67,0.00,AST-ELG-001
APP-000064-AST-02,APP-000064,BORR-000011,savings,Harbor Point Savings,SYN-ACCT-000250,******0250,66444.23,66444.23,66444.23,66444.23,0.00,AST-ELG-001
APP-000064-AST-03,APP-000064,BORR-000011,brokerage,Tidewater Investment Services,SYN-ACCT-000251,******0251,1939.45,1939.45,1551.56,1551.56,0.20,AST-ELG-001
APP-000064-AST-04,APP-000064,BORR-000011,retirement,Meridian Retirement Trust,SYN-ACCT-000252,******0252,2068.75,2068.75,0,1241.25,0.40,AST-ELG-001
APP-000065-AST-01,APP-000065,BORR-000077,checking,Harbor Point Savings,SYN-ACCT-000253,******0253,29739.73,29739.73,29739.73,29739.73,0.00,AST-ELG-001
APP-000065-AST-02,APP-000065,BORR-000077,savings,Harbor Point Savings,SYN-ACCT-000254,******0254,55230.92,55230.92,55230.92,55230.92,0.00,AST-ELG-001
APP-000065-AST-03,APP-000065,BORR-000077,brokerage,Tidewater Investment Services,SYN-ACCT-000255,******0255,2470.85,2470.85,1976.68,1976.68,0.20,AST-ELG-001
APP-000065-AST-04,APP-000065,BORR-000077,retirement,Meridian Retirement Trust,SYN-ACCT-000256,******0256,2635.57,2635.57,0,1581.34,0.40,AST-ELG-001
APP-000066-AST-01,APP-000066,BORR-000079,checking,Northwind Community Bank,SYN-ACCT-000257,******0257,35599.51,35599.51,35599.51,35599.51,0.00,AST-ELG-001
APP-000066-AST-02,APP-000066,BORR-000079,savings,Northwind Community Bank,SYN-ACCT-000258,******0258,66113.37,66113.37,66113.37,66113.37,0.00,AST-ELG-001
APP-000066-AST-03,APP-000066,BORR-000079,brokerage,Ravenscourt Securities,SYN-ACCT-000259,******0259,3384.29,3384.29,2707.43,2707.43,0.20,AST-ELG-001
APP-000066-AST-04,APP-000066,BORR-000079,retirement,Meridian Retirement Trust,SYN-ACCT-000260,******0260,3609.90,3609.90,0,2165.94,0.40,AST-ELG-001
APP-000067-AST-01,APP-000067,BORR-000080,checking,Northwind Community Bank,SYN-ACCT-000261,******0261,44872.96,44872.96,44872.96,44872.96,0.00,AST-ELG-001
APP-000067-AST-02,APP-000067,BORR-000080,savings,Northwind Community Bank,SYN-ACCT-000262,******0262,83335.50,83335.50,83335.50,83335.50,0.00,AST-ELG-001
APP-000067-AST-03,APP-000067,BORR-000080,brokerage,Ravenscourt Securities,SYN-ACCT-000263,******0263,8192.83,8192.83,6554.26,6554.26,0.20,AST-ELG-001
APP-000067-AST-04,APP-000067,BORR-000080,retirement,Meridian Retirement Trust,SYN-ACCT-000264,******0264,8739.02,8739.02,0,5243.41,0.40,AST-ELG-001
APP-000068-AST-01,APP-000068,BORR-000081,checking,Sablefield Trust,SYN-ACCT-000265,******0265,35925.53,35925.53,35925.53,35925.53,0.00,AST-ELG-001
APP-000068-AST-02,APP-000068,BORR-000081,savings,Sablefield Trust,SYN-ACCT-000266,******0266,66718.84,66718.84,66718.84,66718.84,0.00,AST-ELG-001
APP-000068-AST-03,APP-000068,BORR-000081,brokerage,Ravenscourt Securities,SYN-ACCT-000267,******0267,5022.33,5022.33,4017.86,4017.86,0.20,AST-ELG-001
APP-000068-AST-04,APP-000068,BORR-000081,retirement,Meridian Retirement Trust,SYN-ACCT-000268,******0268,5357.13,5357.13,0,3214.28,0.40,AST-ELG-001
APP-000069-AST-01,APP-000069,BORR-000082,checking,Cascade Mutual Credit Union,SYN-ACCT-000269,******0269,28044.92,28044.92,28044.92,28044.92,0.00,AST-ELG-001
APP-000069-AST-02,APP-000069,BORR-000082,savings,Cascade Mutual Credit Union,SYN-ACCT-000270,******0270,52083.42,52083.42,52083.42,52083.42,0.00,AST-ELG-001
APP-000069-AST-03,APP-000069,BORR-000082,brokerage,Tidewater Investment Services,SYN-ACCT-000271,******0271,3627.24,3627.24,2901.79,2901.79,0.20,AST-ELG-001
APP-000069-AST-04,APP-000069,BORR-000082,retirement,Meridian Retirement Trust,SYN-ACCT-000272,******0272,3869.05,3869.05,0,2321.43,0.40,AST-ELG-001
APP-000070-AST-01,APP-000070,BORR-000083,checking,Harbor Point Savings,SYN-ACCT-000273,******0273,29511.81,29511.81,29511.81,29511.81,0.00,AST-ELG-001
APP-000070-AST-02,APP-000070,BORR-000083,savings,Harbor Point Savings,SYN-ACCT-000274,******0274,54807.64,54807.64,54807.64,54807.64,0.00,AST-ELG-001
APP-000070-AST-03,APP-000070,BORR-000083,brokerage,Ravenscourt Securities,SYN-ACCT-000275,******0275,5925.45,5925.45,4740.36,4740.36,0.20,AST-ELG-001
APP-000070-AST-04,APP-000070,BORR-000083,retirement,Meridian Retirement Trust,SYN-ACCT-000276,******0276,6320.48,6320.48,0,3792.29,0.40,AST-ELG-001
APP-000071-AST-01,APP-000071,BORR-000084,checking,Harbor Point Savings,SYN-ACCT-000277,******0277,52391.10,52391.10,52391.10,52391.10,0.00,AST-ELG-001
APP-000071-AST-02,APP-000071,BORR-000084,savings,Harbor Point Savings,SYN-ACCT-000278,******0278,97297.76,97297.76,97297.76,97297.76,0.00,AST-ELG-001
APP-000071-AST-03,APP-000071,BORR-000084,brokerage,Ravenscourt Securities,SYN-ACCT-000279,******0279,14015.30,14015.30,11212.24,11212.24,0.20,AST-ELG-001
APP-000071-AST-04,APP-000071,BORR-000084,retirement,Meridian Retirement Trust,SYN-ACCT-000280,******0280,14949.65,14949.65,0,8969.79,0.40,AST-ELG-001
APP-000072-AST-01,APP-000072,BORR-000086,checking,Sablefield Trust,SYN-ACCT-000281,******0281,33541.18,33541.18,33541.18,33541.18,0.00,AST-ELG-001
APP-000072-AST-02,APP-000072,BORR-000086,savings,Sablefield Trust,SYN-ACCT-000282,******0282,62290.77,62290.77,62290.77,62290.77,0.00,AST-ELG-001
APP-000072-AST-03,APP-000072,BORR-000086,brokerage,Tidewater Investment Services,SYN-ACCT-000283,******0283,3763.75,3763.75,3011.00,3011.00,0.20,AST-ELG-001
APP-000072-AST-04,APP-000072,BORR-000086,retirement,Meridian Retirement Trust,SYN-ACCT-000284,******0284,4014.67,4014.67,0,2408.80,0.40,AST-ELG-001
APP-000073-AST-01,APP-000073,BORR-000087,checking,Cascade Mutual Credit Union,SYN-ACCT-000285,******0285,28467.81,28467.81,28467.81,28467.81,0.00,AST-ELG-001
APP-000073-AST-02,APP-000073,BORR-000087,savings,Cascade Mutual Credit Union,SYN-ACCT-000286,******0286,52868.78,52868.78,52868.78,52868.78,0.00,AST-ELG-001
APP-000073-AST-03,APP-000073,BORR-000087,brokerage,Tidewater Investment Services,SYN-ACCT-000287,******0287,5898.78,5898.78,4719.02,4719.02,0.20,AST-ELG-001
APP-000073-AST-04,APP-000073,BORR-000087,retirement,Meridian Retirement Trust,SYN-ACCT-000288,******0288,6292.02,6292.02,0,3775.21,0.40,AST-ELG-001
APP-000074-AST-01,APP-000074,BORR-000089,checking,Harbor Point Savings,SYN-ACCT-000289,******0289,20124.31,20124.31,20124.31,20124.31,0.00,AST-ELG-001
APP-000074-AST-02,APP-000074,BORR-000089,savings,Harbor Point Savings,SYN-ACCT-000290,******0290,37373.72,37373.72,37373.72,37373.72,0.00,AST-ELG-001
APP-000074-AST-03,APP-000074,BORR-000089,brokerage,Tidewater Investment Services,SYN-ACCT-000291,******0291,5201.23,5201.23,4160.98,4160.98,0.20,AST-ELG-001
APP-000074-AST-04,APP-000074,BORR-000089,retirement,Meridian Retirement Trust,SYN-ACCT-000292,******0292,5547.97,5547.97,0,3328.78,0.40,AST-ELG-001
APP-000075-AST-01,APP-000075,BORR-000090,checking,Harbor Point Savings,SYN-ACCT-000293,******0293,39165.07,39165.07,39165.07,39165.07,0.00,AST-ELG-001
APP-000075-AST-02,APP-000075,BORR-000090,savings,Harbor Point Savings,SYN-ACCT-000294,******0294,72735.14,72735.14,72735.14,72735.14,0.00,AST-ELG-001
APP-000075-AST-03,APP-000075,BORR-000090,brokerage,Tidewater Investment Services,SYN-ACCT-000295,******0295,7947.85,7947.85,6358.28,6358.28,0.20,AST-ELG-001
APP-000075-AST-04,APP-000075,BORR-000090,retirement,Meridian Retirement Trust,SYN-ACCT-000296,******0296,8477.70,8477.70,0,5086.62,0.40,AST-ELG-001
