borrower_id,first_name,last_name,date_of_birth,age_band_note,ssn_token,ssn_masked,email,phone,street,city,state,postal_code,prior_street,prior_city,prior_state,prior_postal_code,years_at_current_address,marital_status,dependents,citizenship_status,credit_file_token,credit_file_masked,employer,employer_sector,occupation
BORR-000001,Emeka,Pemberton,1977-02-06,Age is never a credit factor (CRD-SCR-006); date of birth is held for identity verification only.,SYN-SSN-000001,***-**-0001,emeka.pemberton001@example.com,(714) 555-0101,545 Meadowvane Drive,Yorba Linda,CA,92886,,,,,5,Married,0,US Citizen,SYN-CRDT-000001,****0001,Sable Ridge Software,technology,Systems Analyst
BORR-000002,Priya,Lindqvist,1963-12-14,Age is never a credit factor (CRD-SCR-006); date of birth is held for identity verification only.,SYN-SSN-000002,***-**-0002,priya.lindqvist002@example.com,(630) 555-0102,2276 Innisfree Court,Naperville,IL,60540,,,,,3,Separated,1,US Citizen,SYN-CRDT-000002,****0002,Aldermill Retail Group,retail,Store Manager
BORR-000003,Ingrid,Vasquez,1973-07-19,Age is never a credit factor (CRD-SCR-006); date of birth is held for identity verification only.,SYN-SSN-000003,***-**-0003,ingrid.vasquez003@example.com,(714) 555-0103,7025 Draycott Way,Yorba Linda,CA,92886,9249 Larkspur Avenue,Sugar Land,TX,77479,2,Separated,3,Permanent Resident,SYN-CRDT-000003,****0003,Pinewater Utilities District,utilities,Grid Technician
BORR-000004,Bianca,Kirilenko,1976-12-12,Age is never a credit factor (CRD-SCR-006); date of birth is held for identity verification only.,SYN-SSN-000004,***-**-0004,bianca.kirilenko004@example.com,(503) 555-0104,8770 Stonebriar Court,Beaverton,OR,97006,,,,,3,Married,3,US Citizen,SYN-CRDT-000004,****0004,Meridian Civic Health,healthcare,Clinical Technologist
BORR-000005,Talia,Okafor,1960-02-11,Age is never a credit factor (CRD-SCR-006); date of birth is held for identity verification only.,SYN-SSN-000005,***-**-0005,talia.okafor005@example.com,(303) 555-0105,2202 Gullwing Road,Broomfield,CO,80020,,,,,11,Married,0,US Citizen,SYN-CRDT-000005,****0005,Orchard Point Hospitality,hospitality,Events Director
BORR-000006,Elena,Achterberg,1987-03-13,Age is never a credit factor (CRD-SCR-006); date of birth is held for identity verification only.,SYN-SSN-000006,***-**-0006,elena.achterberg006@example.com,(503) 555-0106,4201 Cedarhollow Drive,Beaverton,OR,97006,1430 Pemberly Road,Franklin,TN,37067,1,Unmarried,3,US Citizen,SYN-CRDT-000006,****0006,Harborline Logistics,logistics,Warehouse Planner
BORR-000007,Emeka,Underhill,1999-10-20,Age is never a credit factor (CRD-SCR-006); date of birth is held for identity verification only.,SYN-SSN-000007,***-**-0007,emeka.underhill007@example.com,(248) 555-0107,1559 Thistledown Drive,Rochester Hills,MI,48307,,,,,10,Married,2,US Citizen,SYN-CRDT-000007,****0007,Pinewater Utilities District,utilities,Grid Technician
BORR-000008,Marcus,Delacroix,1967-01-10,Age is never a credit factor (CRD-SCR-006); date of birth is held for identity verification only.,SYN-SSN-000008,***-**-0008,marcus.delacroix008@example.com,(630) 555-0108,4701 Innisfree Court,Naperville,IL,60540,,,,,3,Separated,3,US Citizen,SYN-CRDT-000008,****0008,Cartwright & Vale Advisory,professional_services,Analyst
BORR-000009,Camille,Ivanova,1962-01-11,Age is never a credit factor (CRD-SCR-006); date of birth is held for identity verification only.,SYN-SSN-000009,***-**-0009,camille.ivanova009@example.com,(770) 555-0109,8339 Alderwood Lane,Sandy Springs,GA,30328,,,,,12,Married,3,US Citizen,SYN-CRDT-000009,****0009,Meridian Civic Health,healthcare,Clinical Technologist
BORR-000010,Everett,Mbeki,1990-10-20,Age is never a credit factor (CRD-SCR-006); date of birth is held for identity verification only.,SYN-SSN-000010,***-**-0010,everett.mbeki010@example.com,(401) 555-0110,3837 Larkspur Avenue,Cranston,RI,02910,,,,,11,Separated,3,US Citizen,SYN-CRDT-000010,****0010,Cartwright & Vale Advisory,professional_services,Account Director
BORR-000011,Talia,Moreau,1989-05-19,Age is never a credit factor (CRD-SCR-006); date of birth is held for identity verification only.,SYN-SSN-000011,***-**-0011,talia.moreau011@example.com,(913) 555-0111,4878 Kestrel Ridge,Overland Park,KS,66210,,,,,7,Married,0,US Citizen,SYN-CRDT-000011,****0011,Orchard Point Hospitality,hospitality,Operations Manager
BORR-000012,Malik,Sorensen,1980-07-24,Age is never a credit factor (CRD-SCR-006); date of birth is held for identity verification only.,SYN-SSN-000012,***-**-0012,malik.sorensen012@example.com,(303) 555-0112,7564 Nightingale Close,Broomfield,CO,80020,,,,,10,Unmarried,1,US Citizen,SYN-CRDT-000012,****0012,Silverbrook Diagnostics,healthcare,Registered Nurse
BORR-000013,Malik,Kirilenko,1989-02-19,Age is never a credit factor (CRD-SCR-006); date of birth is held for identity verification only.,SYN-SSN-000013,***-**-0013,malik.kirilenko013@example.com,(503) 555-0113,4823 Bramblewood Court,Beaverton,OR,97006,,,,,6,Separated,1,Permanent Resident,SYN-CRDT-000013,****0013,Pinewater Utilities District,utilities,Field Supervisor
BORR-000014,Victor,Lindqvist,1964-08-28,Age is never a credit factor (CRD-SCR-006); date of birth is held for identity verification only.,SYN-SSN-000014,***-**-0014,victor.lindqvist014@example.com,(954) 555-0114,1860 Gullwing Road,Coral Springs,FL,33071,,,,,8,Married,1,US Citizen,SYN-CRDT-000014,****0014,Sable Ridge Software,technology,Systems Analyst
BORR-000015,Freya,Chandrasekar,2000-12-15,Age is never a credit factor (CRD-SCR-006); date of birth is held for identity verification only.,SYN-SSN-000015,***-**-0015,freya.chandrasekar015@example.com,(303) 555-0115,5285 Draycott Way,Broomfield,CO,80020,,,,,5,Married,0,US Citizen,SYN-CRDT-000015,****0015,Latchford Construction,construction,Estimator
BORR-000016,Talia,Thornbury,1990-11-18,Age is never a credit factor (CRD-SCR-006); date of birth is held for identity verification only.,SYN-SSN-000016,***-**-0016,talia.thornbury016@example.com,(919) 555-0116,4024 Bramblewood Court,Cary,NC,27513,5688 Yarrowfield Road,Sugar Land,TX,77479,1,Unmarried,0,Permanent Resident,SYN-CRDT-000016,****0016,Grayson Municipal Authority,public_sector,Records Administrator
BORR-000017,Rosa,Marchetti,1970-08-12,Age is never a credit factor (CRD-SCR-006); date of birth is held for identity verification only.,SYN-SSN-000017,***-**-0017,rosa.marchetti017@example.com,(913) 555-0117,6485 Yarrowfield Road,Overland Park,KS,66210,,,,,11,Separated,0,US Citizen,SYN-CRDT-000017,****0017,Thornhill Insurance Brokers,insurance,Claims Adjuster
BORR-000018,Ruth,Baptiste,1986-04-10,Age is never a credit factor (CRD-SCR-006); date of birth is held for identity verification only.,SYN-SSN-000018,***-**-0018,ruth.baptiste018@example.com,(913) 555-0118,8984 Umberwood Place,Overland Park,KS,66210,,,,,9,Separated,3,US Citizen,SYN-CRDT-000018,****0018,Verity Loom Textiles,manufacturing,Quality Engineer
BORR-000019,Emeka,Vasquez,1988-10-27,Age is never a credit factor (CRD-SCR-006); date of birth is held for identity verification only.,SYN-SSN-000019,***-**-0019,emeka.vasquez019@example.com,(615) 555-0119,243 Draycott Way,Franklin,TN,37067,,,,,7,Separated,1,US Citizen,SYN-CRDT-000019,****0019,Thornhill Insurance Brokers,insurance,Broker
BORR-000020,Ruth,Lindstrom,1989-02-10,Age is never a credit factor (CRD-SCR-006); date of birth is held for identity verification only.,SYN-SSN-000020,***-**-0020,ruth.lindstrom020@example.com,(248) 555-0120,9075 Havenbrook Lane,Rochester Hills,MI,48307,,,,,10,Unmarried,0,US Citizen,SYN-CRDT-000020,****0020,Sable Ridge Software,technology,Systems Analyst
BORR-000021,Isaac,Quintero,1974-08-26,Age is never a credit factor (CRD-SCR-006); date of birth is held for identity verification only.,SYN-SSN-000021,***-**-0021,isaac.quintero021@example.com,(770) 555-0121,4227 Larkspur Avenue,Sandy Springs,GA,30328,,,,,3,Married,3,US Citizen,SYN-CRDT-000021,****0021,Northgate Public Schools,education,Classroom Teacher
BORR-000022,Winona,Underhill,1976-08-28,Age is never a credit factor (CRD-SCR-006); date of birth is held for identity verification only.,SYN-SSN-000022,***-**-0022,winona.underhill022@example.com,(714) 555-0122,4618 Bramblewood Court,Yorba Linda,CA,92886,,,,,11,Married,1,Permanent Resident,SYN-CRDT-000022,****0022,Harborline Logistics,logistics,Warehouse Planner
BORR-000023,Delia,Nakagawa,1999-07-26,Age is never a credit factor (CRD-SCR-006); date of birth is held for identity verification only.,SYN-SSN-000023,***-**-0023,delia.nakagawa023@example.com,(615) 555-0123,308 Draycott Way,Franklin,TN,37067,,,,,7,Separated,1,Permanent Resident,SYN-CRDT-000023,****0023,Grayson Municipal Authority,public_sector,Inspector
BORR-000024,Winona,Nakagawa,1980-10-18,Age is never a credit factor (CRD-SCR-006); date of birth is held for identity verification only.,SYN-SSN-000024,***-**-0024,winona.nakagawa024@example.com,(603) 555-0124,928 Nightingale Close,Nashua,NH,03062,,,,,3,Married,0,Permanent Resident,SYN-CRDT-000024,****0024,Pinewater Utilities District,utilities,Compliance Officer
BORR-000025,Rashid,Ivanova,1998-01-05,Age is never a credit factor (CRD-SCR-006); date of birth is held for identity verification only.,SYN-SSN-000025,***-**-0025,rashid.ivanova025@example.com,(919) 555-0125,496 Pemberly Road,Cary,NC,27513,,,,,4,Separated,2,US Citizen,SYN-CRDT-000025,****0025,Thornhill Insurance Brokers,insurance,Broker
BORR-000026,Silas,Kirilenko,2002-11-28,Age is never a credit factor (CRD-SCR-006); date of birth is held for identity verification only.,SYN-SSN-000026,***-**-0026,silas.kirilenko026@example.com,(972) 555-0126,1697 Juniper Bend,Plano,TX,75024,,,,,11,Separated,3,Permanent Resident,SYN-CRDT-000026,****0026,Latchford Construction,construction,Site Supervisor
BORR-000027,Anton,Guerrero,1967-12-16,Age is never a credit factor (CRD-SCR-006); date of birth is held for identity verification only.,SYN-SSN-000027,***-**-0027,anton.guerrero027@example.com,(630) 555-0127,2072 Orchardstone Way,Naperville,IL,60540,,,,,5,Separated,0,Permanent Resident,SYN-CRDT-000027,****0027,Kestrel Freight Services,transport,Logistics Planner
BORR-000028,Caleb,Fairbanks,1982-08-01,Age is never a credit factor (CRD-SCR-006); date of birth is held for identity verification only.,SYN-SSN-000028,***-**-0028,caleb.fairbanks028@example.com,(954) 555-0128,7281 Kestrel Ridge,Coral Springs,FL,33071,,,,,7,Separated,0,US Citizen,SYN-CRDT-000028,****0028,Thornhill Insurance Brokers,insurance,Underwriting Assistant
BORR-000029,Sofia,Blackwood,1967-05-28,Age is never a credit factor (CRD-SCR-006); date of birth is held for identity verification only.,SYN-SSN-000029,***-**-0029,sofia.blackwood029@example.com,(615) 555-0129,9033 Kestrel Ridge,Franklin,TN,37067,,,,,8,Unmarried,3,US Citizen,SYN-CRDT-000029,****0029,Orchard Point Hospitality,hospitality,Front Office Manager
BORR-000030,Rosa,Guerrero,1969-01-24,Age is never a credit factor (CRD-SCR-006); date of birth is held for identity verification only.,SYN-SSN-000030,***-**-0030,rosa.guerrero030@example.com,(401) 555-0130,9162 Verdigris Lane,Cranston,RI,02910,,,,,5,Unmarried,0,Permanent Resident,SYN-CRDT-000030,****0030,Fenwick Structural Engineering,engineering,Structural Engineer
BORR-000031,Ruth,Lindstrom,1979-08-15,Age is never a credit factor (CRD-SCR-006); date of birth is held for identity verification only.,SYN-SSN-000031,***-**-0031,ruth.lindstrom031@example.com,(770) 555-0131,6546 Pemberly Road,Sandy Springs,GA,30328,,,,,4,Married,0,US Citizen,SYN-CRDT-000031,****0031,Pinewater Utilities District,utilities,Compliance Officer
BORR-000032,Delia,Nakamura,1980-09-20,Age is never a credit factor (CRD-SCR-006); date of birth is held for identity verification only.,SYN-SSN-000032,***-**-0032,delia.nakamura032@example.com,(972) 555-0132,1814 Draycott Way,Plano,TX,75024,,,,,6,Separated,3,US Citizen,SYN-CRDT-000032,****0032,Kestrel Freight Services,transport,Dispatch Lead
BORR-000033,Ruth,Blackwood,1984-12-19,Age is never a credit factor (CRD-SCR-006); date of birth is held for identity verification only.,SYN-SSN-000033,***-**-0033,ruth.blackwood033@example.com,(954) 555-0133,261 Thistledown Drive,Coral Springs,FL,33071,,,,,12,Separated,1,US Citizen,SYN-CRDT-000033,****0033,Fenwick Structural Engineering,engineering,Structural Engineer
BORR-000034,Isaac,Lindstrom,1999-09-18,Age is never a credit factor (CRD-SCR-006); date of birth is held for identity verification only.,SYN-SSN-000034,***-**-0034,isaac.lindstrom034@example.com,(248) 555-0134,711 Juniper Bend,Rochester Hills,MI,48307,,,,,7,Married,1,Permanent Resident,SYN-CRDT-000034,****0034,Latchford Construction,construction,Project Coordinator
BORR-000035,Mateo,Ivanova,1977-02-24,Age is never a credit factor (CRD-SCR-006); date of birth is held for identity verification only.,SYN-SSN-000035,***-**-0035,mateo.ivanova035@example.com,(503) 555-0135,6132 Elmridge Terrace,Beaverton,OR,97006,,,,,12,Unmarried,0,US Citizen,SYN-CRDT-000035,****0035,Verity Loom Textiles,manufacturing,Quality Engineer
BORR-000036,Tobias,Delacroix,1988-12-05,Age is never a credit factor (CRD-SCR-006); date of birth is held for identity verification only.,SYN-SSN-000036,***-**-0036,tobias.delacroix036@example.com,(972) 555-0136,4406 Bramblewood Court,Plano,TX,75024,,,,,8,Married,2,US Citizen,SYN-CRDT-000036,****0036,Harborline Logistics,logistics,Operations Supervisor
BORR-000037,Andre,Hargrave,1975-12-20,Age is never a credit factor (CRD-SCR-006); date of birth is held for identity verification only.,SYN-SSN-000037,***-**-0037,andre.hargrave037@example.com,(248) 555-0137,9622 Kestrel Ridge,Rochester Hills,MI,48307,,,,,6,Married,0,US Citizen,SYN-CRDT-000037,****0037,Sable Ridge Software,technology,Software Engineer
BORR-000038,Sofia,Achterberg,1975-09-06,Age is never a credit factor (CRD-SCR-006); date of birth is held for identity verification only.,SYN-SSN-000038,***-**-0038,sofia.achterberg038@example.com,(913) 555-0138,8919 Rosslyn Terrace,Overland Park,KS,66210,,,,,3,Separated,1,Permanent Resident,SYN-CRDT-000038,****0038,Latchford Construction,construction,Estimator
BORR-000039,Theo,Osei,1998-04-03,Age is never a credit factor (CRD-SCR-006); date of birth is held for identity verification only.,SYN-SSN-000039,***-**-0039,theo.osei039@example.com,(913) 555-0139,3954 Orchardstone Way,Overland Park,KS,66210,,,,,5,Married,1,US Citizen,SYN-CRDT-000039,****0039,Orchard Point Hospitality,hospitality,Events Director
BORR-000040,Winona,Lindstrom,1993-10-17,Age is never a credit factor (CRD-SCR-006); date of birth is held for identity verification only.,SYN-SSN-000040,***-**-0040,winona.lindstrom040@example.com,(954) 555-0140,5763 Kestrel Ridge,Coral Springs,FL,33071,,,,,4,Married,1,Permanent Resident,SYN-CRDT-000040,****0040,Blue Larkspur Manufacturing,manufacturing,Maintenance Technician
BORR-000041,Gregor,Ferreira,1963-02-06,Age is never a credit factor (CRD-SCR-006); date of birth is held for identity verification only.,SYN-SSN-000041,***-**-0041,gregor.ferreira041@example.com,(972) 555-0141,5836 Larkspur Avenue,Plano,TX,75024,,,,,8,Separated,2,Permanent Resident,SYN-CRDT-000041,****0041,Cartwright & Vale Advisory,professional_services,Senior Consultant
BORR-000042,Caleb,Thornbury,1961-07-06,Age is never a credit factor (CRD-SCR-006); date of birth is held for identity verification only.,SYN-SSN-000042,***-**-0042,caleb.thornbury042@example.com,(503) 555-0142,3448 Windermere Court,Beaverton,OR,97006,9589 Nightingale Close,Broomfield,CO,80020,1,Married,2,US Citizen,SYN-CRDT-000042,****0042,Orchard Point Hospitality,hospitality,Events Director
BORR-000043,Delia,Delacroix,1997-03-10,Age is never a credit factor (CRD-SCR-006); date of birth is held for identity verification only.,SYN-SSN-000043,***-**-0043,delia.delacroix043@example.com,(919) 555-0143,5061 Cedarhollow Drive,Cary,NC,27513,,,,,9,Separated,1,Permanent Resident,SYN-CRDT-000043,****0043,Northgate Public Schools,education,School Counsellor
BORR-000044,Andre,Abernathy,1971-02-16,Age is never a credit factor (CRD-SCR-006); date of birth is held for identity verification only.,SYN-SSN-000044,***-**-0044,andre.abernathy044@example.com,(913) 555-0144,9494 Nightingale Close,Overland Park,KS,66210,,,,,7,Unmarried,0,US Citizen,SYN-CRDT-000044,****0044,Silverbrook Diagnostics,healthcare,Clinical Technologist
BORR-000045,Winona,Underhill,1979-06-16,Age is never a credit factor (CRD-SCR-006); date of birth is held for identity verification only.,SYN-SSN-000045,***-**-0045,winona.underhill045@example.com,(480) 555-0145,5061 Stonebriar Court,Chandler,AZ,85224,3311 Cedarhollow Drive,Yorba Linda,CA,92886,1,Married,1,Permanent Resident,SYN-CRDT-000045,****0045,Sable Ridge Software,technology,Product Manager
BORR-000046,Freya,Guerrero,1985-06-06,Age is never a credit factor (CRD-SCR-006); date of birth is held for identity verification only.,SYN-SSN-000046,***-**-0046,freya.guerrero046@example.com,(919) 555-0146,1448 Alderwood Lane,Cary,NC,27513,,,,,5,Married,2,US Citizen,SYN-CRDT-000046,****0046,Thornhill Insurance Brokers,insurance,Broker
BORR-000047,Delia,Saldivar,1990-11-26,Age is never a credit factor (CRD-SCR-006); date of birth is held for identity verification only.,SYN-SSN-000047,***-**-0047,delia.saldivar047@example.com,(303) 555-0147,3981 Pemberly Road,Broomfield,CO,80020,,,,,12,Separated,2,US Citizen,SYN-CRDT-000047,****0047,Northgate Public Schools,education,School Counsellor
BORR-000048,Nadia,Delacroix,1968-02-16,Age is never a credit factor (CRD-SCR-006); date of birth is held for identity verification only.,SYN-SSN-000048,***-**-0048,nadia.delacroix048@example.com,(401) 555-0148,6410 Thistledown Drive,Cranston,RI,02910,,,,,3,Unmarried,0,US Citizen,SYN-CRDT-000048,****0048,Pinewater Utilities District,utilities,Field Supervisor
BORR-000049,Iris,Moreau,1967-07-16,Age is never a credit factor (CRD-SCR-006); date of birth is held for identity verification only.,SYN-SSN-000049,***-**-0049,iris.moreau049@example.com,(714) 555-0149,4246 Alderwood Lane,Yorba Linda,CA,92886,,,,,10,Separated,1,Permanent Resident,SYN-CRDT-000049,****0049,Pinewater Utilities District,utilities,Field Supervisor
BORR-000050,Malik,Guerrero,1992-11-18,Age is never a credit factor (CRD-SCR-006); date of birth is held for identity verification only.,SYN-SSN-000050,***-**-0050,malik.guerrero050@example.com,(503) 555-0150,7500 Juniper Bend,Beaverton,OR,97006,,,,,11,Separated,1,US Citizen,SYN-CRDT-000050,****0050,Pinewater Utilities District,utilities,Grid Technician
BORR-000051,Niall,Nakamura,1963-01-09,Age is never a credit factor (CRD-SCR-006); date of birth is held for identity verification only.,SYN-SSN-000051,***-**-0051,niall.nakamura051@example.com,(972) 555-0151,398 Kestrel Ridge,Plano,TX,75024,,,,,11,Separated,3,US Citizen,SYN-CRDT-000051,****0051,Sable Ridge Software,technology,Systems Analyst
BORR-000052,Mateo,Blackwood,1962-06-06,Age is never a credit factor (CRD-SCR-006); date of birth is held for identity verification only.,SYN-SSN-000052,***-**-0052,mateo.blackwood052@example.com,(425) 555-0152,2429 Elmridge Terrace,Bellevue,WA,98004,,,,,5,Married,1,Permanent Resident,SYN-CRDT-000052,****0052,Blue Larkspur Manufacturing,manufacturing,Production Lead
BORR-000053,Salma,Guerrero,1979-03-18,Age is never a credit factor (CRD-SCR-006); date of birth is held for identity verification only.,SYN-SSN-000053,***-**-0053,salma.guerrero053@example.com,(303) 555-0153,999 Pemberly Road,Broomfield,CO,80020,,,,,8,Separated,2,US Citizen,SYN-CRDT-000053,****0053,Grayson Municipal Authority,public_sector,Inspector
BORR-000054,Amara,Saldivar,1965-10-23,Age is never a credit factor (CRD-SCR-006); date of birth is held for identity verification only.,SYN-SSN-000054,***-**-0054,amara.saldivar054@example.com,(503) 555-0154,1422 Juniper Bend,Beaverton,OR,97006,,,,,10,Separated,1,US Citizen,SYN-CRDT-000054,****0054,Kestrel Freight Services,transport,Dispatch Lead
BORR-000055,Emeka,Ferreira,1975-02-02,Age is never a credit factor (CRD-SCR-006); date of birth is held for identity verification only.,SYN-SSN-000055,***-**-0055,emeka.ferreira055@example.com,(972) 555-0155,7720 Havenbrook Lane,Plano,TX,75024,8853 Meadowvane Drive,Cranston,RI,02910,2,Separated,0,US Citizen,SYN-CRDT-000055,****0055,Silverbrook Diagnostics,healthcare,Registered Nurse
BORR-000056,Rosa,Hollingsworth,1977-08-21,Age is never a credit factor (CRD-SCR-006); date of birth is held for identity verification only.,SYN-SSN-000056,***-**-0056,rosa.hollingsworth056@example.com,(714) 555-0156,2251 Verdigris Lane,Yorba Linda,CA,92886,,,,,7,Separated,1,US Citizen,SYN-CRDT-000056,****0056,Verity Loom Textiles,manufacturing,Quality Engineer
BORR-000057,Noor,Hargrave,1960-11-16,Age is never a credit factor (CRD-SCR-006); date of birth is held for identity verification only.,SYN-SSN-000057,***-**-0057,noor.hargrave057@example.com,(425) 555-0157,6555 Gullwing Road,Bellevue,WA,98004,,,,,8,Married,2,US Citizen,SYN-CRDT-000057,****0057,Kestrel Freight Services,transport,Dispatch Lead
BORR-000058,Noor,Pemberton,1972-10-09,Age is never a credit factor (CRD-SCR-006); date of birth is held for identity verification only.,SYN-SSN-000058,***-**-0058,noor.pemberton058@example.com,(630) 555-0158,3488 Havenbrook Lane,Naperville,IL,60540,,,,,11,Separated,1,US Citizen,SYN-CRDT-000058,****0058,Grayson Municipal Authority,public_sector,Records Administrator
BORR-000059,Marcus,Brennerman,2000-05-16,Age is never a credit factor (CRD-SCR-006); date of birth is held for identity verification only.,SYN-SSN-000059,***-**-0059,marcus.brennerman059@example.com,(281) 555-0159,3059 Umberwood Place,Sugar Land,TX,77479,7861 Meadowvane Drive,Yorba Linda,CA,92886,1,Separated,0,US Citizen,SYN-CRDT-000059,****0059,Harborline Logistics,logistics,Fleet Coordinator
BORR-000060,Emeka,Hargrave,1968-03-13,Age is never a credit factor (CRD-SCR-006); date of birth is held for identity verification only.,SYN-SSN-000060,***-**-0060,emeka.hargrave060@example.com,(248) 555-0160,1721 Rosslyn Terrace,Rochester Hills,MI,48307,4810 Cedarhollow Drive,Plano,TX,75024,2,Separated,0,US Citizen,SYN-CRDT-000060,****0060,Blue Larkspur Manufacturing,manufacturing,Production Lead
BORR-000061,Ingrid,Petrosyan,1974-11-26,Age is never a credit factor (CRD-SCR-006); date of birth is held for identity verification only.,SYN-SSN-000061,***-**-0061,ingrid.petrosyan061@example.com,(480) 555-0161,558 Rosslyn Terrace,Chandler,AZ,85224,,,,,3,Married,2,Permanent Resident,SYN-CRDT-000061,****0061,Fenwick Structural Engineering,engineering,Structural Engineer
BORR-000062,Priya,Vasquez,1990-10-19,Age is never a credit factor (CRD-SCR-006); date of birth is held for identity verification only.,SYN-SSN-000062,***-**-0062,priya.vasquez062@example.com,(630) 555-0162,2246 Elmridge Terrace,Naperville,IL,60540,,,,,9,Unmarried,0,Permanent Resident,SYN-CRDT-000062,****0062,Orchard Point Hospitality,hospitality,Operations Manager
BORR-000063,Freya,Achterberg,1968-03-03,Age is never a credit factor (CRD-SCR-006); date of birth is held for identity verification only.,SYN-SSN-000063,***-**-0063,freya.achterberg063@example.com,(972) 555-0163,5062 Quarrystone Lane,Plano,TX,75024,,,,,11,Separated,2,US Citizen,SYN-CRDT-000063,****0063,Orchard Point Hospitality,hospitality,Events Director
BORR-000064,Salma,Brennerman,1960-12-11,Age is never a credit factor (CRD-SCR-006); date of birth is held for identity verification only.,SYN-SSN-000064,***-**-0064,salma.brennerman064@example.com,(425) 555-0164,8989 Larkspur Avenue,Bellevue,WA,98004,,,,,11,Unmarried,0,US Citizen,SYN-CRDT-000064,****0064,Latchford Construction,construction,Estimator
BORR-000065,Mira,Quintero,1986-07-17,Age is never a credit factor (CRD-SCR-006); date of birth is held for identity verification only.,SYN-SSN-000065,***-**-0065,mira.quintero065@example.com,(281) 555-0165,5266 Gullwing Road,Sugar Land,TX,77479,,,,,5,Married,0,US Citizen,SYN-CRDT-000065,****0065,Meridian Civic Health,healthcare,Practice Manager
BORR-000066,Ingrid,Petrosyan,1961-01-26,Age is never a credit factor (CRD-SCR-006); date of birth is held for identity verification only.,SYN-SSN-000066,***-**-0066,ingrid.petrosyan066@example.com,(972) 555-0166,3681 Draycott Way,Plano,TX,75024,4535 Gullwing Road,Coral Springs,FL,33071,2,Separated,0,US Citizen,SYN-CRDT-000066,****0066,Sable Ridge Software,technology,Product Manager
BORR-000067,Felix,Ravenscroft,1972-02-17,Age is never a credit factor (CRD-SCR-006); date of birth is held for identity verification only.,SYN-SSN-000067,***-**-0067,felix.ravenscroft067@example.com,(281) 555-0167,5866 Quarrystone Lane,Sugar Land,TX,77479,,,,,11,Separated,1,US Citizen,SYN-CRDT-000067,****0067,Thornhill Insurance Brokers,insurance,Broker
BORR-000068,Camille,Petrosyan,1970-07-05,Age is never a credit factor (CRD-SCR-006); date of birth is held for identity verification only.,SYN-SSN-000068,***-**-0068,camille.petrosyan068@example.com,(503) 555-0168,5755 Larkspur Avenue,Beaverton,OR,97006,,,,,5,Unmarried,1,US Citizen,SYN-CRDT-000068,****0068,Thornhill Insurance Brokers,insurance,Broker
BORR-000069,Omar,Sorensen,1971-04-10,Age is never a credit factor (CRD-SCR-006); date of birth is held for identity verification only.,SYN-SSN-000069,***-**-0069,omar.sorensen069@example.com,(248) 555-0169,7119 Orchardstone Way,Rochester Hills,MI,48307,,,,,3,Married,2,US Citizen,SYN-CRDT-000069,****0069,Pinewater Utilities District,utilities,Grid Technician
BORR-000070,Omar,Underhill,1983-01-16,Age is never a credit factor (CRD-SCR-006); date of birth is held for identity verification only.,SYN-SSN-000070,***-**-0070,omar.underhill070@example.com,(770) 555-0170,5636 Cedarhollow Drive,Sandy Springs,GA,30328,,,,,5,Unmarried,2,US Citizen,SYN-CRDT-000070,****0070,Verity Loom Textiles,manufacturing,Quality Engineer
BORR-000071,Talia,Thornbury,1976-07-05,Age is never a credit factor (CRD-SCR-006); date of birth is held for identity verification only.,SYN-SSN-000071,***-**-0071,talia.thornbury071@example.com,(913) 555-0171,9659 Juniper Bend,Overland Park,KS,66210,,,,,10,Separated,3,Permanent Resident,SYN-CRDT-000071,****0071,Meridian Civic Health,healthcare,Practice Manager
BORR-000072,Talia,Ravenscroft,1961-03-03,Age is never a credit factor (CRD-SCR-006); date of birth is held for identity verification only.,SYN-SSN-000072,***-**-0072,talia.ravenscroft072@example.com,(630) 555-0172,3744 Quarrystone Lane,Naperville,IL,60540,,,,,3,Married,2,US Citizen,SYN-CRDT-000072,****0072,Grayson Municipal Authority,public_sector,Records Administrator
BORR-000073,Caleb,Lindstrom,1967-09-07,Age is never a credit factor (CRD-SCR-006); date of birth is held for identity verification only.,SYN-SSN-000073,***-**-0073,caleb.lindstrom073@example.com,(919) 555-0173,9082 Bramblewood Court,Cary,NC,27513,1912 Windermere Court,Rochester Hills,MI,48307,1,Separated,0,US Citizen,SYN-CRDT-000073,****0073,Northgate Public Schools,education,School Counsellor
BORR-000074,Ruth,Ashworth,1971-07-09,Age is never a credit factor (CRD-SCR-006); date of birth is held for identity verification only.,SYN-SSN-000074,***-**-0074,ruth.ashworth074@example.com,(480) 555-0174,9624 Nightingale Close,Chandler,AZ,85224,642 Kestrel Ridge,Coral Springs,FL,33071,1,Married,1,US Citizen,SYN-CRDT-000074,****0074,Pinewater Utilities District,utilities,Field Supervisor
BORR-000075,Malik,Okafor,1980-01-11,Age is never a credit factor (CRD-SCR-006); date of birth is held for identity verification only.,SYN-SSN-000075,***-**-0075,malik.okafor075@example.com,(480) 555-0175,3046 Orchardstone Way,Chandler,AZ,85224,,,,,8,Unmarried,1,US Citizen,SYN-CRDT-000075,****0075,Harborline Logistics,logistics,Operations Supervisor
BORR-000076,Ruth,Whitfield,1967-08-01,Age is never a credit factor (CRD-SCR-006); date of birth is held for identity verification only.,SYN-SSN-000076,***-**-0076,ruth.whitfield076@example.com,(954) 555-0176,6471 Verdigris Lane,Coral Springs,FL,33071,,,,,4,Married,1,US Citizen,SYN-CRDT-000076,****0076,Aldermill Retail Group,retail,District Supervisor
BORR-000077,Talia,Baptiste,1974-05-28,Age is never a credit factor (CRD-SCR-006); date of birth is held for identity verification only.,SYN-SSN-000077,***-**-0077,talia.baptiste077@example.com,(281) 555-0177,1253 Verdigris Lane,Sugar Land,TX,77479,,,,,11,Unmarried,2,US Citizen,SYN-CRDT-000077,****0077,Latchford Construction,construction,Estimator
BORR-000078,Devon,Achterberg,1969-04-18,Age is never a credit factor (CRD-SCR-006); date of birth is held for identity verification only.,SYN-SSN-000078,***-**-0078,devon.achterberg078@example.com,(248) 555-0178,9122 Kestrel Ridge,Rochester Hills,MI,48307,,,,,5,Unmarried,0,Permanent Resident,SYN-CRDT-000078,****0078,Orchard Point Hospitality,hospitality,Front Office Manager
BORR-000079,Elena,Underhill,1994-05-01,Age is never a credit factor (CRD-SCR-006); date of birth is held for identity verification only.,SYN-SSN-000079,***-**-0079,elena.underhill079@example.com,(303) 555-0179,344 Umberwood Place,Broomfield,CO,80020,,,,,3,Separated,3,Permanent Resident,SYN-CRDT-000079,****0079,Latchford Construction,construction,Estimator
BORR-000080,Rosa,Petrosyan,1968-07-15,Age is never a credit factor (CRD-SCR-006); date of birth is held for identity verification only.,SYN-SSN-000080,***-**-0080,rosa.petrosyan080@example.com,(972) 555-0180,2781 Windermere Court,Plano,TX,75024,6474 Cedarhollow Drive,Sandy Springs,GA,30328,2,Unmarried,0,US Citizen,SYN-CRDT-000080,****0080,Blue Larkspur Manufacturing,manufacturing,Quality Engineer
BORR-000081,Greta,Achterberg,1966-02-07,Age is never a credit factor (CRD-SCR-006); date of birth is held for identity verification only.,SYN-SSN-000081,***-**-0081,greta.achterberg081@example.com,(480) 555-0181,7121 Rosslyn Terrace,Chandler,AZ,85224,,,,,8,Unmarried,1,US Citizen,SYN-CRDT-000081,****0081,Northgate Public Schools,education,Classroom Teacher
BORR-000082,Tobias,Osei,2002-01-02,Age is never a credit factor (CRD-SCR-006); date of birth is held for identity verification only.,SYN-SSN-000082,***-**-0082,tobias.osei082@example.com,(480) 555-0182,1740 Orchardstone Way,Chandler,AZ,85224,,,,,7,Separated,1,US Citizen,SYN-CRDT-000082,****0082,Sable Ridge Software,technology,Product Manager
BORR-000083,Anton,Adeyemi,1993-02-12,Age is never a credit factor (CRD-SCR-006); date of birth is held for identity verification only.,SYN-SSN-000083,***-**-0083,anton.adeyemi083@example.com,(919) 555-0183,3762 Cedarhollow Drive,Cary,NC,27513,,,,,10,Married,2,US Citizen,SYN-CRDT-000083,****0083,Pinewater Utilities District,utilities,Compliance Officer
BORR-000084,Noor,Ferreira,1982-02-01,Age is never a credit factor (CRD-SCR-006); date of birth is held for identity verification only.,SYN-SSN-000084,***-**-0084,noor.ferreira084@example.com,(630) 555-0184,3754 Thistledown Drive,Naperville,IL,60540,,,,,7,Separated,1,US Citizen,SYN-CRDT-000084,****0084,Northgate Public Schools,education,Curriculum Coordinator
BORR-000085,Priya,Mbeki,1991-11-21,Age is never a credit factor (CRD-SCR-006); date of birth is held for identity verification only.,SYN-SSN-000085,***-**-0085,priya.mbeki085@example.com,(303) 555-0185,5694 Nightingale Close,Broomfield,CO,80020,,,,,9,Separated,0,Permanent Resident,SYN-CRDT-000085,****0085,Harborline Logistics,logistics,Operations Supervisor
BORR-000086,Nadia,Nakagawa,1970-09-17,Age is never a credit factor (CRD-SCR-006); date of birth is held for identity verification only.,SYN-SSN-000086,***-**-0086,nadia.nakagawa086@example.com,(603) 555-0186,4044 Orchardstone Way,Nashua,NH,03062,,,,,9,Separated,0,US Citizen,SYN-CRDT-000086,****0086,Blue Larkspur Manufacturing,manufacturing,Quality Engineer
BORR-000087,Andre,Okafor,1993-03-22,Age is never a credit factor (CRD-SCR-006); date of birth is held for identity verification only.,SYN-SSN-000087,***-**-0087,andre.okafor087@example.com,(913) 555-0187,4423 Larkspur Avenue,Overland Park,KS,66210,,,,,7,Separated,0,US Citizen,SYN-CRDT-000087,****0087,Sable Ridge Software,technology,Software Engineer
BORR-000088,Isaac,Hollingsworth,1978-11-02,Age is never a credit factor (CRD-SCR-006); date of birth is held for identity verification only.,SYN-SSN-000088,***-**-0088,isaac.hollingsworth088@example.com,(919) 555-0188,6407 Yarrowfield Road,Cary,NC,27513,,,,,9,Married,3,Permanent Resident,SYN-CRDT-000088,****0088,Cartwright & Vale Advisory,professional_services,Analyst
BORR-000089,Omar,Underhill,1961-04-20,Age is never a credit factor (CRD-SCR-006); date of birth is held for identity verification only.,SYN-SSN-000089,***-**-0089,omar.underhill089@example.com,(303) 555-0189,3363 Gullwing Road,Broomfield,CO,80020,,,,,11,Separated,2,US Citizen,SYN-CRDT-000089,****0089,Northgate Public Schools,education,School Counsellor
BORR-000090,Malik,Guerrero,1974-06-05,Age is never a credit factor (CRD-SCR-006); date of birth is held for identity verification only.,SYN-SSN-000090,***-**-0090,malik.guerrero090@example.com,(972) 555-0190,7930 Larkspur Avenue,Plano,TX,75024,,,,,12,Separated,1,Permanent Resident,SYN-CRDT-000090,****0090,Northgate Public Schools,education,Curriculum Coordinator
