liability_id,application_id,liability_type,creditor,balance,monthly_payment,remaining_term_months,credit_limit,include_in_dti,inclusion_rule_id,source
APP-000001-LIA-01,APP-000001,auto_loan,Northwind Card Services,3546.13,84.90,48,0,true,LIA-INC-001,credit_report
APP-000001-LIA-02,APP-000001,student_loan,Summit Education Lending,4763.46,64.92,96,0,true,LIA-INC-001,credit_report
APP-000001-LIA-03,APP-000001,revolving_credit_card,Northwind Card Services,1997.67,59.93,,7134.54,true,LIA-INC-003,credit_report
APP-000001-LIA-04,APP-000001,installment_personal,Harborline Retail Credit,1294.35,39.96,36,0,true,LIA-INC-001,credit_report
APP-000002-LIA-01,APP-000002,auto_loan,Harborline Retail Credit,14770.94,353.64,48,0,true,LIA-INC-001,credit_report
APP-000002-LIA-02,APP-000002,student_loan,Harborline Retail Credit,19842.62,270.43,96,0,true,LIA-INC-001,credit_report
APP-000002-LIA-03,APP-000002,revolving_credit_card,Pinnacle Auto Finance,8321.00,249.63,,29717.86,true,LIA-INC-003,credit_report
APP-000002-LIA-04,APP-000002,installment_personal,Northwind Card Services,5390.23,166.41,36,0,true,LIA-INC-001,credit_report
APP-000003-LIA-01,APP-000003,auto_loan,Summit Education Lending,7993.62,191.38,48,0,true,LIA-INC-001,credit_report
APP-000003-LIA-02,APP-000003,student_loan,Pinnacle Auto Finance,10738.34,146.35,96,0,true,LIA-INC-001,credit_report
APP-000003-LIA-03,APP-000003,revolving_credit_card,Sablefield Mortgage Servicing,4503.00,135.09,,16082.14,true,LIA-INC-003,credit_report
APP-000003-LIA-04,APP-000003,installment_personal,Summit Education Lending,2917.16,90.06,36,0,true,LIA-INC-001,credit_report
APP-000004-LIA-01,APP-000004,auto_loan,Northwind Card Services,21322.30,510.49,48,0,true,LIA-INC-001,credit_report
APP-000004-LIA-02,APP-000004,student_loan,Harborline Retail Credit,28643.14,390.37,96,0,true,LIA-INC-001,credit_report
APP-000004-LIA-03,APP-000004,revolving_credit_card,Harborline Retail Credit,12011.33,360.34,,42897.61,true,LIA-INC-003,credit_report
APP-000004-LIA-04,APP-000004,installment_personal,Pinnacle Auto Finance,7781.35,240.23,36,0,true,LIA-INC-001,credit_report
APP-000005-LIA-01,APP-000005,auto_loan,Harborline Retail Credit,18955.70,453.83,48,0,true,LIA-INC-001,credit_report
APP-000005-LIA-02,APP-000005,student_loan,Cascade Personal Loans,25464.57,347.05,96,0,true,LIA-INC-001,credit_report
APP-000005-LIA-03,APP-000005,revolving_credit_card,Pinnacle Auto Finance,10678.33,320.35,,38136.89,true,LIA-INC-003,credit_report
APP-000005-LIA-04,APP-000005,installment_personal,Cascade Personal Loans,6917.80,213.57,36,0,true,LIA-INC-001,credit_report
APP-000006-LIA-01,APP-000006,auto_loan,Pinnacle Auto Finance,7690.80,184.13,48,0,true,LIA-INC-001,credit_report
APP-000006-LIA-02,APP-000006,student_loan,Cascade Personal Loans,10331.84,140.81,96,0,true,LIA-INC-001,credit_report
APP-000006-LIA-03,APP-000006,revolving_credit_card,Harborline Retail Credit,4332.67,129.98,,15473.82,true,LIA-INC-003,credit_report
APP-000006-LIA-04,APP-000006,installment_personal,Pinnacle Auto Finance,2806.70,86.65,36,0,true,LIA-INC-001,credit_report
APP-000007-LIA-01,APP-000007,auto_loan,Pinnacle Auto Finance,17378.12,416.06,48,0,true,LIA-INC-001,credit_report
APP-000007-LIA-02,APP-000007,student_loan,Cascade Personal Loans,23344.78,318.16,96,0,true,LIA-INC-001,credit_report
APP-000007-LIA-03,APP-000007,revolving_credit_card,Harborline Retail Credit,9789.67,293.69,,34963.11,true,LIA-INC-003,credit_report
APP-000007-LIA-04,APP-000007,installment_personal,Harborline Retail Credit,6342.21,195.80,36,0,true,LIA-INC-001,credit_report
APP-000008-LIA-01,APP-000008,auto_loan,Cascade Personal Loans,5348.43,128.05,48,0,true,LIA-INC-001,credit_report
APP-000008-LIA-02,APP-000008,student_loan,Sablefield Mortgage Servicing,7184.82,97.92,96,0,true,LIA-INC-001,credit_report
APP-000008-LIA-03,APP-000008,revolving_credit_card,Pinnacle Auto Finance,3013.00,90.39,,10760.71,true,LIA-INC-003,credit_report
APP-000008-LIA-04,APP-000008,installment_personal,Pinnacle Auto Finance,1951.90,60.26,36,0,true,LIA-INC-001,credit_report
APP-000009-LIA-01,APP-000009,auto_loan,Cascade Personal Loans,10314.26,246.94,48,0,true,LIA-INC-001,credit_report
APP-000009-LIA-02,APP-000009,student_loan,Sablefield Mortgage Servicing,13856.01,188.84,96,0,true,LIA-INC-001,credit_report
APP-000009-LIA-03,APP-000009,revolving_credit_card,Pinnacle Auto Finance,5810.33,174.31,,20751.18,true,LIA-INC-003,credit_report
APP-000009-LIA-04,APP-000009,installment_personal,Sablefield Mortgage Servicing,3763.86,116.20,36,0,true,LIA-INC-001,credit_report
APP-000010-LIA-01,APP-000010,auto_loan,Cascade Personal Loans,11326.31,271.17,48,0,true,LIA-INC-001,credit_report
APP-000010-LIA-02,APP-000010,student_loan,Sablefield Mortgage Servicing,15215.64,207.37,96,0,true,LIA-INC-001,credit_report
APP-000010-LIA-03,APP-000010,revolving_credit_card,Pinnacle Auto Finance,6380.67,191.42,,22788.11,true,LIA-INC-003,credit_report
APP-000010-LIA-04,APP-000010,installment_personal,Sablefield Mortgage Servicing,4133.45,127.61,36,0,true,LIA-INC-001,credit_report
APP-000011-LIA-01,APP-000011,auto_loan,Sablefield Mortgage Servicing,8478.13,202.98,48,0,true,LIA-INC-001,credit_report
APP-000011-LIA-02,APP-000011,student_loan,Northwind Card Services,11389.17,155.22,96,0,true,LIA-INC-001,credit_report
APP-000011-LIA-03,APP-000011,revolving_credit_card,Cascade Personal Loans,4776.00,143.28,,17057.14,true,LIA-INC-003,credit_report
APP-000011-LIA-04,APP-000011,installment_personal,Cascade Personal Loans,3094.01,95.52,36,0,true,LIA-INC-001,credit_report
APP-000012-LIA-01,APP-000012,auto_loan,Harborline Retail Credit,11745.66,281.21,48,0,true,LIA-INC-001,credit_report
APP-000012-LIA-02,APP-000012,student_loan,Harborline Retail Credit,15779.15,215.05,96,0,true,LIA-INC-001,credit_report
APP-000012-LIA-03,APP-000012,revolving_credit_card,Northwind Card Services,6616.67,198.50,,23630.96,true,LIA-INC-003,credit_report
APP-000012-LIA-04,APP-000012,installment_personal,Harborline Retail Credit,4286.66,132.34,36,0,true,LIA-INC-001,credit_report
APP-000013-LIA-01,APP-000013,auto_loan,Sablefield Mortgage Servicing,11210.61,268.40,48,0,true,LIA-INC-001,credit_report
APP-000013-LIA-02,APP-000013,student_loan,Sablefield Mortgage Servicing,15060.08,205.25,96,0,true,LIA-INC-001,credit_report
APP-000013-LIA-03,APP-000013,revolving_credit_card,Harborline Retail Credit,6315.33,189.46,,22554.75,true,LIA-INC-003,credit_report
APP-000013-LIA-04,APP-000013,installment_personal,Harborline Retail Credit,4091.02,126.30,36,0,true,LIA-INC-001,credit_report
APP-000014-LIA-01,APP-000014,auto_loan,Harborline Retail Credit,17504.26,419.08,48,0,true,LIA-INC-001,credit_report
APP-000014-LIA-02,APP-000014,student_loan,Harborline Retail Credit,23515.01,320.48,96,0,true,LIA-INC-001,credit_report
APP-000014-LIA-03,APP-000014,revolving_credit_card,Cascade Personal Loans,9860.67,295.82,,35216.68,true,LIA-INC-003,credit_report
APP-000014-LIA-04,APP-000014,installment_personal,Northwind Card Services,6388.20,197.22,36,0,true,LIA-INC-001,credit_report
APP-000015-LIA-01,APP-000015,auto_loan,Cascade Personal Loans,9295.95,222.56,48,0,true,LIA-INC-001,credit_report
APP-000015-LIA-02,APP-000015,student_loan,Harborline Retail Credit,12488.31,170.20,96,0,true,LIA-INC-001,credit_report
APP-000015-LIA-03,APP-000015,revolving_credit_card,Northwind Card Services,5236.67,157.10,,18702.39,true,LIA-INC-003,credit_report
APP-000015-LIA-04,APP-000015,installment_personal,Cascade Personal Loans,3392.66,104.74,36,0,true,LIA-INC-001,credit_report
APP-000016-LIA-01,APP-000016,auto_loan,Sablefield Mortgage Servicing,7760.97,185.81,48,0,true,LIA-INC-001,credit_report
APP-000016-LIA-02,APP-000016,student_loan,Sablefield Mortgage Servicing,10425.76,142.09,96,0,true,LIA-INC-001,credit_report
APP-000016-LIA-03,APP-000016,revolving_credit_card,Northwind Card Services,4372.00,131.16,,15614.29,true,LIA-INC-003,credit_report
APP-000016-LIA-04,APP-000016,installment_personal,Cascade Personal Loans,2831.97,87.43,36,0,true,LIA-INC-001,credit_report
APP-000017-LIA-01,APP-000017,auto_loan,Summit Education Lending,20782.23,497.56,48,0,true,LIA-INC-001,credit_report
APP-000017-LIA-02,APP-000017,student_loan,Summit Education Lending,27918.21,380.49,96,0,true,LIA-INC-001,credit_report
APP-000017-LIA-03,APP-000017,revolving_credit_card,Summit Education Lending,11707.33,351.22,,41811.89,true,LIA-INC-003,credit_report
APP-000017-LIA-04,APP-000017,installment_personal,Cascade Personal Loans,7584.09,234.14,36,0,true,LIA-INC-001,credit_report
APP-000018-LIA-01,APP-000018,auto_loan,Sablefield Mortgage Servicing,12781.10,306.00,48,0,true,LIA-INC-001,credit_report
APP-000018-LIA-02,APP-000018,student_loan,Sablefield Mortgage Servicing,17169.60,234.00,96,0,true,LIA-INC-001,credit_report
APP-000018-LIA-03,APP-000018,revolving_credit_card,Pinnacle Auto Finance,7200.00,216.00,,25714.29,true,LIA-INC-003,credit_report
APP-000018-LIA-04,APP-000018,installment_personal,Cascade Personal Loans,4664.67,144.01,36,0,true,LIA-INC-001,credit_report
APP-000019-LIA-01,APP-000019,auto_loan,Summit Education Lending,6728.87,161.10,48,0,true,LIA-INC-001,credit_report
APP-000019-LIA-02,APP-000019,student_loan,Sablefield Mortgage Servicing,9038.99,123.19,96,0,true,LIA-INC-001,credit_report
APP-000019-LIA-03,APP-000019,revolving_credit_card,Harborline Retail Credit,3790.67,113.72,,13538.11,true,LIA-INC-003,credit_report
APP-000019-LIA-04,APP-000019,installment_personal,Northwind Card Services,2455.58,75.81,36,0,true,LIA-INC-001,credit_report
APP-000020-LIA-01,APP-000020,auto_loan,Pinnacle Auto Finance,3548.63,84.96,48,0,true,LIA-INC-001,credit_report
APP-000020-LIA-02,APP-000020,student_loan,Harborline Retail Credit,4767.13,64.97,96,0,true,LIA-INC-001,credit_report
APP-000020-LIA-03,APP-000020,revolving_credit_card,Harborline Retail Credit,1999.00,59.97,,7139.29,true,LIA-INC-003,credit_report
APP-000020-LIA-04,APP-000020,installment_personal,Pinnacle Auto Finance,1295.33,39.99,36,0,true,LIA-INC-001,credit_report
APP-000021-LIA-01,APP-000021,auto_loan,Northwind Card Services,1651.52,39.54,48,0,true,LIA-INC-001,credit_report
APP-000021-LIA-02,APP-000021,student_loan,Summit Education Lending,2218.11,30.23,96,0,true,LIA-INC-001,credit_report
APP-000021-LIA-03,APP-000021,revolving_credit_card,Sablefield Mortgage Servicing,930.33,27.91,,3322.61,true,LIA-INC-003,credit_report
APP-000021-LIA-04,APP-000021,installment_personal,Sablefield Mortgage Servicing,602.48,18.60,36,0,true,LIA-INC-001,credit_report
APP-000022-LIA-01,APP-000022,auto_loan,Sablefield Mortgage Servicing,9787.56,234.33,48,0,true,LIA-INC-001,credit_report
APP-000022-LIA-02,APP-000022,student_loan,Summit Education Lending,13147.95,179.19,96,0,true,LIA-INC-001,credit_report
APP-000022-LIA-03,APP-000022,revolving_credit_card,Summit Education Lending,5513.67,165.41,,19691.68,true,LIA-INC-003,credit_report
APP-000022-LIA-04,APP-000022,installment_personal,Northwind Card Services,3572.11,110.28,36,0,true,LIA-INC-001,credit_report
APP-000023-LIA-01,APP-000023,auto_loan,Sablefield Mortgage Servicing,8892.89,212.91,48,0,true,LIA-INC-001,credit_report
APP-000023-LIA-02,APP-000023,student_loan,Sablefield Mortgage Servicing,11946.08,162.81,96,0,true,LIA-INC-001,credit_report
APP-000023-LIA-03,APP-000023,revolving_credit_card,Summit Education Lending,5009.67,150.29,,17891.68,true,LIA-INC-003,credit_report
APP-000023-LIA-04,APP-000023,installment_personal,Pinnacle Auto Finance,3245.28,100.19,36,0,true,LIA-INC-001,credit_report
APP-000024-LIA-01,APP-000024,auto_loan,Pinnacle Auto Finance,5827.93,139.53,48,0,true,LIA-INC-001,credit_report
APP-000024-LIA-02,APP-000024,student_loan,Summit Education Lending,7829.04,106.70,96,0,true,LIA-INC-001,credit_report
APP-000024-LIA-03,APP-000024,revolving_credit_card,Sablefield Mortgage Servicing,3283.00,98.49,,11725.00,true,LIA-INC-003,credit_report
APP-000024-LIA-04,APP-000024,installment_personal,Northwind Card Services,2127.13,65.67,36,0,true,LIA-INC-001,credit_report
APP-000025-LIA-01,APP-000025,auto_loan,Harborline Retail Credit,6777.32,162.26,48,0,true,LIA-INC-001,credit_report
APP-000025-LIA-02,APP-000025,student_loan,Cascade Personal Loans,9104.29,124.08,96,0,true,LIA-INC-001,credit_report
APP-000025-LIA-03,APP-000025,revolving_credit_card,Cascade Personal Loans,3818.00,114.54,,13635.71,true,LIA-INC-003,credit_report
APP-000025-LIA-04,APP-000025,installment_personal,Cascade Personal Loans,2473.40,76.36,36,0,true,LIA-INC-001,credit_report
APP-000026-LIA-01,APP-000026,auto_loan,Summit Education Lending,7935.98,190.00,48,0,true,LIA-INC-001,credit_report
APP-000026-LIA-02,APP-000026,student_loan,Pinnacle Auto Finance,10660.56,145.29,96,0,true,LIA-INC-001,credit_report
APP-000026-LIA-03,APP-000026,revolving_credit_card,Pinnacle Auto Finance,4470.67,134.12,,15966.68,true,LIA-INC-003,credit_report
APP-000026-LIA-04,APP-000026,installment_personal,Harborline Retail Credit,2896.10,89.41,36,0,true,LIA-INC-001,credit_report
APP-000027-LIA-01,APP-000027,auto_loan,Northwind Card Services,11587.36,277.42,48,0,true,LIA-INC-001,credit_report
APP-000027-LIA-02,APP-000027,student_loan,Harborline Retail Credit,15565.63,212.14,96,0,true,LIA-INC-001,credit_report
APP-000027-LIA-03,APP-000027,revolving_credit_card,Harborline Retail Credit,6527.33,195.82,,23311.89,true,LIA-INC-003,credit_report
APP-000027-LIA-04,APP-000027,installment_personal,Summit Education Lending,4228.68,130.55,36,0,true,LIA-INC-001,credit_report
APP-000028-LIA-01,APP-000028,auto_loan,Pinnacle Auto Finance,8322.75,199.26,48,0,true,LIA-INC-001,credit_report
APP-000028-LIA-02,APP-000028,student_loan,Sablefield Mortgage Servicing,11180.78,152.38,96,0,true,LIA-INC-001,credit_report
APP-000028-LIA-03,APP-000028,revolving_credit_card,Northwind Card Services,4688.67,140.66,,16745.25,true,LIA-INC-003,credit_report
APP-000028-LIA-04,APP-000028,installment_personal,Pinnacle Auto Finance,3037.33,93.77,36,0,true,LIA-INC-001,credit_report
APP-000029-LIA-01,APP-000029,auto_loan,Northwind Card Services,11188.47,267.87,48,0,true,LIA-INC-001,credit_report
APP-000029-LIA-02,APP-000029,student_loan,Summit Education Lending,15030.00,204.84,96,0,true,LIA-INC-001,credit_report
APP-000029-LIA-03,APP-000029,revolving_credit_card,Cascade Personal Loans,6302.67,189.08,,22509.54,true,LIA-INC-003,credit_report
APP-000029-LIA-04,APP-000029,installment_personal,Pinnacle Auto Finance,4083.24,126.06,36,0,true,LIA-INC-001,credit_report
APP-000030-LIA-01,APP-000030,auto_loan,Northwind Card Services,13589.31,325.35,48,0,true,LIA-INC-001,credit_report
APP-000030-LIA-02,APP-000030,student_loan,Pinnacle Auto Finance,18254.80,248.79,96,0,true,LIA-INC-001,credit_report
APP-000030-LIA-03,APP-000030,revolving_credit_card,Summit Education Lending,7655.33,229.66,,27340.46,true,LIA-INC-003,credit_report
APP-000030-LIA-04,APP-000030,installment_personal,Sablefield Mortgage Servicing,4959.10,153.10,36,0,true,LIA-INC-001,credit_report
APP-000031-LIA-01,APP-000031,auto_loan,Summit Education Lending,17137.11,410.29,48,0,true,LIA-INC-001,credit_report
APP-000031-LIA-02,APP-000031,student_loan,Harborline Retail Credit,23021.20,313.75,96,0,true,LIA-INC-001,credit_report
APP-000031-LIA-03,APP-000031,revolving_credit_card,Sablefield Mortgage Servicing,9654.00,289.62,,11492.86,true,LIA-INC-003,credit_report
APP-000031-LIA-04,APP-000031,installment_personal,Pinnacle Auto Finance,6254.10,193.08,36,0,true,LIA-INC-001,credit_report
APP-000032-LIA-01,APP-000032,auto_loan,Sablefield Mortgage Servicing,12154.57,291.00,48,0,true,LIA-INC-001,credit_report
APP-000032-LIA-02,APP-000032,student_loan,Cascade Personal Loans,16327.99,222.53,96,0,true,LIA-INC-001,credit_report
APP-000032-LIA-03,APP-000032,revolving_credit_card,Pinnacle Auto Finance,6847.00,205.41,,24453.57,true,LIA-INC-003,credit_report
APP-000032-LIA-04,APP-000032,installment_personal,Pinnacle Auto Finance,4435.66,136.94,36,0,true,LIA-INC-001,credit_report
APP-000033-LIA-01,APP-000033,auto_loan,Pinnacle Auto Finance,10790.00,258.33,48,0,true,LIA-INC-001,credit_report
APP-000033-LIA-02,APP-000033,student_loan,Sablefield Mortgage Servicing,14494.37,197.54,96,0,true,LIA-INC-001,credit_report
APP-000033-LIA-03,APP-000033,revolving_credit_card,Harborline Retail Credit,6078.33,182.35,,21708.32,true,LIA-INC-003,credit_report
APP-000033-LIA-04,APP-000033,installment_personal,Northwind Card Services,3937.48,121.56,36,0,true,LIA-INC-001,credit_report
APP-000034-LIA-01,APP-000034,auto_loan,Summit Education Lending,3887.79,93.08,48,0,true,LIA-INC-001,credit_report
APP-000034-LIA-02,APP-000034,student_loan,Northwind Card Services,5222.79,71.18,96,0,true,LIA-INC-001,credit_report
APP-000034-LIA-03,APP-000034,revolving_credit_card,Summit Education Lending,2190.00,65.70,,7821.43,true,LIA-INC-003,credit_report
APP-000034-LIA-04,APP-000034,installment_personal,Northwind Card Services,1418.74,43.80,36,0,true,LIA-INC-001,credit_report
APP-000035-LIA-01,APP-000035,auto_loan,Pinnacle Auto Finance,18193.02,435.57,48,0,true,LIA-INC-001,credit_report
APP-000035-LIA-02,APP-000035,student_loan,Harborline Retail Credit,24439.53,333.08,96,0,true,LIA-INC-001,credit_report
APP-000035-LIA-03,APP-000035,revolving_credit_card,Summit Education Lending,10248.67,307.46,,36602.39,true,LIA-INC-003,credit_report
APP-000035-LIA-04,APP-000035,installment_personal,Harborline Retail Credit,6639.24,204.97,36,0,true,LIA-INC-006,credit_report_only
APP-000036-LIA-01,APP-000036,auto_loan,Harborline Retail Credit,12591.05,301.45,48,0,true,LIA-INC-001,credit_report
APP-000036-LIA-02,APP-000036,student_loan,Northwind Card Services,16914.25,230.52,96,0,true,LIA-INC-001,credit_report
APP-000036-LIA-03,APP-000036,revolving_credit_card,Summit Education Lending,7093.00,212.79,,25332.14,true,LIA-INC-003,credit_report
APP-000036-LIA-04,APP-000036,installment_personal,Sablefield Mortgage Servicing,4595.35,141.87,36,0,true,LIA-INC-001,credit_report
APP-000037-LIA-01,APP-000037,auto_loan,Pinnacle Auto Finance,8151.92,195.17,48,0,true,LIA-INC-001,credit_report
APP-000037-LIA-02,APP-000037,student_loan,Sablefield Mortgage Servicing,10951.12,149.25,96,0,true,LIA-INC-001,credit_report
APP-000037-LIA-03,APP-000037,revolving_credit_card,Cascade Personal Loans,4592.33,137.77,,16401.18,true,LIA-INC-003,credit_report
APP-000037-LIA-04,APP-000037,installment_personal,Summit Education Lending,2975.14,91.85,36,0,true,LIA-INC-001,credit_report
APP-000038-LIA-01,APP-000038,auto_loan,Sablefield Mortgage Servicing,7146.14,171.09,48,0,true,LIA-INC-001,credit_report
APP-000038-LIA-02,APP-000038,student_loan,Harborline Retail Credit,9599.57,130.83,96,0,true,LIA-INC-001,credit_report
APP-000038-LIA-03,APP-000038,revolving_credit_card,Summit Education Lending,4025.67,120.77,,14377.39,true,LIA-INC-003,credit_report
APP-000038-LIA-04,APP-000038,installment_personal,Harborline Retail Credit,2608.14,80.52,36,0,true,LIA-INC-001,credit_report
APP-000039-LIA-01,APP-000039,auto_loan,Sablefield Mortgage Servicing,9903.68,237.11,48,0,true,LIA-INC-001,credit_report
APP-000039-LIA-02,APP-000039,student_loan,Summit Education Lending,13304.24,181.32,96,0,true,LIA-INC-001,credit_report
APP-000039-LIA-03,APP-000039,revolving_credit_card,Sablefield Mortgage Servicing,5579.00,167.37,,19925.00,true,LIA-INC-003,credit_report
APP-000039-LIA-04,APP-000039,installment_personal,Cascade Personal Loans,3614.54,111.59,36,0,true,LIA-INC-001,credit_report
APP-000040-LIA-01,APP-000040,auto_loan,Harborline Retail Credit,10391.53,248.79,48,0,true,LIA-INC-001,credit_report
APP-000040-LIA-02,APP-000040,student_loan,Summit Education Lending,13959.47,190.25,96,0,true,LIA-INC-001,credit_report
APP-000040-LIA-03,APP-000040,revolving_credit_card,Northwind Card Services,5854.00,175.62,,20907.14,true,LIA-INC-003,credit_report
APP-000040-LIA-04,APP-000040,installment_personal,Northwind Card Services,3792.04,117.07,36,0,true,LIA-INC-001,credit_report
APP-000041-LIA-01,APP-000041,auto_loan,Cascade Personal Loans,14407.97,344.95,48,0,true,LIA-INC-001,credit_report
APP-000041-LIA-02,APP-000041,student_loan,Cascade Personal Loans,19354.69,263.78,96,0,true,LIA-INC-001,credit_report
APP-000041-LIA-03,APP-000041,revolving_credit_card,Northwind Card Services,8116.33,243.49,,28986.89,true,LIA-INC-003,credit_report
APP-000041-LIA-04,APP-000041,installment_personal,Harborline Retail Credit,5258.07,162.33,36,0,true,LIA-INC-001,credit_report
APP-000042-LIA-01,APP-000042,auto_loan,Northwind Card Services,12470.76,298.57,48,0,true,LIA-INC-001,credit_report
APP-000042-LIA-02,APP-000042,student_loan,Pinnacle Auto Finance,16752.83,228.32,96,0,true,LIA-INC-001,credit_report
APP-000042-LIA-03,APP-000042,revolving_credit_card,Pinnacle Auto Finance,7025.33,210.76,,25090.46,true,LIA-INC-003,credit_report
APP-000042-LIA-04,APP-000042,installment_personal,Sablefield Mortgage Servicing,4551.30,140.51,36,0,true,LIA-INC-001,credit_report
APP-000043-LIA-01,APP-000043,auto_loan,Northwind Card Services,12821.20,306.96,48,0,true,LIA-INC-001,credit_report
APP-000043-LIA-02,APP-000043,student_loan,Pinnacle Auto Finance,17223.89,234.74,96,0,true,LIA-INC-001,credit_report
APP-000043-LIA-03,APP-000043,revolving_credit_card,Cascade Personal Loans,7222.67,216.68,,25795.25,true,LIA-INC-003,credit_report
APP-000043-LIA-04,APP-000043,installment_personal,Cascade Personal Loans,4678.92,144.45,36,0,true,LIA-INC-001,credit_report
APP-000044-LIA-01,APP-000044,auto_loan,Northwind Card Services,3452.15,82.65,48,0,true,LIA-INC-001,credit_report
APP-000044-LIA-02,APP-000044,student_loan,Cascade Personal Loans,4637.26,63.20,96,0,true,LIA-INC-001,credit_report
APP-000044-LIA-03,APP-000044,revolving_credit_card,Sablefield Mortgage Servicing,1944.67,58.34,,6945.25,true,LIA-INC-003,credit_report
APP-000044-LIA-04,APP-000044,installment_personal,Pinnacle Auto Finance,1259.70,38.89,36,0,true,LIA-INC-001,credit_report
APP-000045-LIA-01,APP-000045,auto_loan,Cascade Personal Loans,6751.43,161.64,48,0,true,LIA-INC-001,credit_report
APP-000045-LIA-02,APP-000045,student_loan,Pinnacle Auto Finance,9069.07,123.60,96,0,true,LIA-INC-001,credit_report
APP-000045-LIA-03,APP-000045,revolving_credit_card,Cascade Personal Loans,3803.33,114.10,,13583.32,true,LIA-INC-003,credit_report
APP-000045-LIA-04,APP-000045,installment_personal,Northwind Card Services,2463.68,76.06,36,0,true,LIA-INC-001,credit_report
APP-000046-LIA-01,APP-000046,auto_loan,Summit Education Lending,8310.22,198.96,48,0,true,LIA-INC-001,credit_report
APP-000046-LIA-02,APP-000046,student_loan,Pinnacle Auto Finance,11163.17,152.14,96,0,true,LIA-INC-001,credit_report
APP-000046-LIA-03,APP-000046,revolving_credit_card,Pinnacle Auto Finance,4681.33,140.44,,16719.04,true,LIA-INC-003,credit_report
APP-000046-LIA-04,APP-000046,installment_personal,Summit Education Lending,3032.79,93.63,36,0,true,LIA-INC-001,credit_report
APP-000047-LIA-01,APP-000047,auto_loan,Harborline Retail Credit,6240.60,149.41,48,0,true,LIA-INC-001,credit_report
APP-000047-LIA-02,APP-000047,student_loan,Harborline Retail Credit,8383.02,114.25,96,0,true,LIA-INC-001,credit_report
APP-000047-LIA-03,APP-000047,revolving_credit_card,Cascade Personal Loans,3515.33,105.46,,12554.75,true,LIA-INC-003,credit_report
APP-000047-LIA-04,APP-000047,installment_personal,Summit Education Lending,2277.43,70.31,36,0,true,LIA-INC-001,credit_report
APP-000048-LIA-01,APP-000048,auto_loan,Harborline Retail Credit,13423.08,321.37,48,0,true,LIA-INC-001,credit_report
APP-000048-LIA-02,APP-000048,student_loan,Sablefield Mortgage Servicing,18031.75,245.75,96,0,true,LIA-INC-001,credit_report
APP-000048-LIA-03,APP-000048,revolving_credit_card,Harborline Retail Credit,7561.67,226.85,,27005.96,true,LIA-INC-003,credit_report
APP-000048-LIA-04,APP-000048,installment_personal,Sablefield Mortgage Servicing,4898.85,151.24,36,0,true,LIA-INC-001,credit_report
APP-000049-LIA-01,APP-000049,auto_loan,Summit Education Lending,2734.57,65.47,48,0,true,LIA-INC-001,credit_report
APP-000049-LIA-02,APP-000049,student_loan,Harborline Retail Credit,3673.85,50.07,96,0,true,LIA-INC-001,credit_report
APP-000049-LIA-03,APP-000049,revolving_credit_card,Pinnacle Auto Finance,1540.67,46.22,,5502.39,true,LIA-INC-003,credit_report
APP-000049-LIA-04,APP-000049,installment_personal,Pinnacle Auto Finance,997.97,30.81,36,0,true,LIA-INC-001,credit_report
APP-000050-LIA-01,APP-000050,auto_loan,Sablefield Mortgage Servicing,14544.14,348.21,48,0,true,LIA-INC-001,credit_report
APP-000050-LIA-02,APP-000050,student_loan,Harborline Retail Credit,19538.12,266.28,96,0,true,LIA-INC-001,credit_report
APP-000050-LIA-03,APP-000050,revolving_credit_card,Northwind Card Services,8193.33,245.80,,29261.89,true,LIA-INC-003,credit_report
APP-000050-LIA-04,APP-000050,installment_personal,Harborline Retail Credit,5307.63,163.86,36,0,true,LIA-INC-001,credit_report
APP-000051-LIA-01,APP-000051,auto_loan,Pinnacle Auto Finance,9267.97,221.89,48,0,true,LIA-INC-001,credit_report
APP-000051-LIA-02,APP-000051,student_loan,Northwind Card Services,12450.16,169.68,96,0,true,LIA-INC-001,credit_report
APP-000051-LIA-03,APP-000051,revolving_credit_card,Cascade Personal Loans,5221.00,156.63,,18646.43,true,LIA-INC-003,credit_report
APP-000051-LIA-04,APP-000051,installment_personal,Pinnacle Auto Finance,3381.97,104.41,36,0,true,LIA-INC-001,credit_report
APP-000052-LIA-01,APP-000052,auto_loan,Sablefield Mortgage Servicing,2648.11,63.40,48,0,true,LIA-INC-001,credit_report
APP-000052-LIA-02,APP-000052,student_loan,Harborline Retail Credit,3557.19,48.48,96,0,true,LIA-INC-001,credit_report
APP-000052-LIA-03,APP-000052,revolving_credit_card,Harborline Retail Credit,1491.67,44.75,,5327.39,true,LIA-INC-003,credit_report
APP-000052-LIA-04,APP-000052,installment_personal,Northwind Card Services,966.23,29.83,36,0,true,LIA-INC-001,credit_report
APP-000053-LIA-01,APP-000053,auto_loan,Northwind Card Services,3223.68,77.18,48,0,true,LIA-INC-001,credit_report
APP-000053-LIA-02,APP-000053,student_loan,Cascade Personal Loans,4330.55,59.02,96,0,true,LIA-INC-001,credit_report
APP-000053-LIA-03,APP-000053,revolving_credit_card,Cascade Personal Loans,1816.00,54.48,,6485.71,true,LIA-INC-003,credit_report
APP-000053-LIA-04,APP-000053,installment_personal,Pinnacle Auto Finance,1176.77,36.33,36,0,true,LIA-INC-001,credit_report
APP-000054-LIA-01,APP-000054,auto_loan,Summit Education Lending,7117.32,170.40,48,0,true,LIA-INC-001,credit_report
APP-000054-LIA-02,APP-000054,student_loan,Harborline Retail Credit,9560.68,130.30,96,0,true,LIA-INC-001,credit_report
APP-000054-LIA-03,APP-000054,revolving_credit_card,Cascade Personal Loans,4009.33,120.28,,14319.04,true,LIA-INC-003,credit_report
APP-000054-LIA-04,APP-000054,installment_personal,Summit Education Lending,2597.46,80.19,36,0,true,LIA-INC-001,credit_report
APP-000055-LIA-01,APP-000055,auto_loan,Sablefield Mortgage Servicing,21253.38,508.84,48,0,true,LIA-INC-001,credit_report
APP-000055-LIA-02,APP-000055,student_loan,Pinnacle Auto Finance,28550.69,389.11,96,0,true,LIA-INC-001,credit_report
APP-000055-LIA-03,APP-000055,revolving_credit_card,Cascade Personal Loans,11972.67,359.18,,42759.54,true,LIA-INC-003,credit_report
APP-000055-LIA-04,APP-000055,installment_personal,Cascade Personal Loans,7756.09,239.45,36,0,true,LIA-INC-001,credit_report
APP-000056-LIA-01,APP-000056,auto_loan,Summit Education Lending,23253.24,556.72,48,0,true,LIA-INC-001,credit_report
APP-000056-LIA-02,APP-000056,student_loan,Sablefield Mortgage Servicing,31237.66,425.73,96,0,true,LIA-INC-001,credit_report
APP-000056-LIA-03,APP-000056,revolving_credit_card,Summit Education Lending,13099.33,392.98,,46783.32,true,LIA-INC-003,credit_report
APP-000056-LIA-04,APP-000056,installment_personal,Northwind Card Services,8485.86,261.98,36,0,true,LIA-INC-001,credit_report
APP-000057-LIA-01,APP-000057,auto_loan,Harborline Retail Credit,16346.02,391.35,48,0,true,LIA-INC-001,credit_report
APP-000057-LIA-02,APP-000057,student_loan,Northwind Card Services,21958.74,299.27,96,0,true,LIA-INC-001,credit_report
APP-000057-LIA-03,APP-000057,revolving_credit_card,Harborline Retail Credit,9208.33,276.25,,32886.89,true,LIA-INC-003,credit_report
APP-000057-LIA-04,APP-000057,installment_personal,Sablefield Mortgage Servicing,5965.50,184.17,36,0,true,LIA-INC-001,credit_report
APP-000058-LIA-01,APP-000058,auto_loan,Pinnacle Auto Finance,18158.77,434.75,48,0,true,LIA-INC-001,credit_report
APP-000058-LIA-02,APP-000058,student_loan,Summit Education Lending,24394.04,332.46,96,0,true,LIA-INC-001,credit_report
APP-000058-LIA-03,APP-000058,revolving_credit_card,Northwind Card Services,10229.67,306.89,,36534.54,true,LIA-INC-003,credit_report
APP-000058-LIA-04,APP-000058,installment_personal,Pinnacle Auto Finance,6626.93,204.59,36,0,true,LIA-INC-001,credit_report
APP-000059-LIA-01,APP-000059,auto_loan,Harborline Retail Credit,15875.29,380.08,48,0,true,LIA-INC-001,credit_report
APP-000059-LIA-02,APP-000059,student_loan,Northwind Card Services,21326.25,290.65,96,0,true,LIA-INC-001,credit_report
APP-000059-LIA-03,APP-000059,revolving_credit_card,Sablefield Mortgage Servicing,8943.00,268.29,,31939.29,true,LIA-INC-003,credit_report
APP-000059-LIA-04,APP-000059,installment_personal,Summit Education Lending,5793.82,178.87,36,0,true,LIA-INC-001,credit_report
APP-000060-LIA-01,APP-000060,auto_loan,Cascade Personal Loans,14830.25,355.06,48,0,true,LIA-INC-001,credit_report
APP-000060-LIA-02,APP-000060,student_loan,Northwind Card Services,19922.60,271.52,96,0,true,LIA-INC-001,credit_report
APP-000060-LIA-03,APP-000060,revolving_credit_card,Harborline Retail Credit,8354.33,250.63,,29836.89,true,LIA-INC-003,credit_report
APP-000060-LIA-04,APP-000060,installment_personal,Northwind Card Services,5411.93,167.08,36,0,true,LIA-INC-001,credit_report
APP-000061-LIA-01,APP-000061,auto_loan,Harborline Retail Credit,6202.59,148.50,48,0,true,LIA-INC-001,credit_report
APP-000061-LIA-02,APP-000061,student_loan,Cascade Personal Loans,8332.39,113.56,96,0,true,LIA-INC-001,credit_report
APP-000061-LIA-03,APP-000061,revolving_credit_card,Pinnacle Auto Finance,3494.00,104.82,,12478.57,true,LIA-INC-003,credit_report
APP-000061-LIA-04,APP-000061,installment_personal,Pinnacle Auto Finance,2263.50,69.88,36,0,true,LIA-INC-001,credit_report
APP-000062-LIA-01,APP-000062,auto_loan,Harborline Retail Credit,7867.89,188.37,48,0,true,LIA-INC-001,credit_report
APP-000062-LIA-02,APP-000062,student_loan,Harborline Retail Credit,10569.57,144.05,96,0,true,LIA-INC-001,credit_report
APP-000062-LIA-03,APP-000062,revolving_credit_card,Summit Education Lending,4432.33,132.97,,15829.75,true,LIA-INC-003,credit_report
APP-000062-LIA-04,APP-000062,installment_personal,Pinnacle Auto Finance,2871.49,88.65,36,0,true,LIA-INC-001,credit_report
APP-000063-LIA-01,APP-000063,auto_loan,Harborline Retail Credit,19152.43,458.54,48,0,true,LIA-INC-001,credit_report
APP-000063-LIA-02,APP-000063,student_loan,Sablefield Mortgage Servicing,25728.72,350.65,96,0,true,LIA-INC-001,credit_report
APP-000063-LIA-03,APP-000063,revolving_credit_card,Harborline Retail Credit,10789.33,323.68,,38533.32,true,LIA-INC-003,credit_report
APP-000063-LIA-04,APP-000063,installment_personal,Harborline Retail Credit,6989.39,215.78,36,0,true,LIA-INC-001,credit_report
APP-000064-LIA-01,APP-000064,auto_loan,Harborline Retail Credit,24958.23,597.54,48,0,true,LIA-INC-001,credit_report
APP-000064-LIA-02,APP-000064,student_loan,Pinnacle Auto Finance,33527.67,456.94,96,0,true,LIA-INC-001,credit_report
APP-000064-LIA-03,APP-000064,revolving_credit_card,Sablefield Mortgage Servicing,14059.67,421.79,,50213.11,true,LIA-INC-003,credit_report
APP-000064-LIA-04,APP-000064,installment_personal,Summit Education Lending,9108.10,281.19,36,0,true,LIA-INC-001,credit_report
APP-000065-LIA-01,APP-000065,auto_loan,Northwind Card Services,22444.19,537.35,48,0,true,LIA-INC-001,credit_report
APP-000065-LIA-02,APP-000065,student_loan,Harborline Retail Credit,30150.25,410.91,96,0,true,LIA-INC-001,credit_report
APP-000065-LIA-03,APP-000065,revolving_credit_card,Summit Education Lending,12643.33,379.30,,45154.75,true,LIA-INC-003,credit_report
APP-000065-LIA-04,APP-000065,installment_personal,Harborline Retail Credit,8190.78,252.87,36,0,true,LIA-INC-001,credit_report
APP-000066-LIA-01,APP-000066,auto_loan,Northwind Card Services,9267.13,221.87,48,0,true,LIA-INC-001,credit_report
APP-000066-LIA-02,APP-000066,student_loan,Summit Education Lending,12449.43,169.67,96,0,true,LIA-INC-001,credit_report
APP-000066-LIA-03,APP-000066,revolving_credit_card,Cascade Personal Loans,5220.67,156.62,,18645.25,true,LIA-INC-003,credit_report
APP-000066-LIA-04,APP-000066,installment_personal,Cascade Personal Loans,3381.97,104.41,36,0,true,LIA-INC-001,credit_report
APP-000067-LIA-01,APP-000067,auto_loan,Northwind Card Services,9179.42,219.77,48,0,true,LIA-INC-001,credit_report
APP-000067-LIA-02,APP-000067,student_loan,Summit Education Lending,12331.29,168.06,96,0,true,LIA-INC-001,credit_report
APP-000067-LIA-03,APP-000067,revolving_credit_card,Sablefield Mortgage Servicing,5171.00,155.13,,18467.86,true,LIA-INC-003,credit_report
APP-000067-LIA-04,APP-000067,installment_personal,Summit Education Lending,3349.90,103.42,36,0,true,LIA-INC-001,credit_report
APP-000068-LIA-01,APP-000068,auto_loan,Harborline Retail Credit,7854.53,188.05,48,0,true,LIA-INC-001,credit_report
APP-000068-LIA-02,APP-000068,student_loan,Sablefield Mortgage Servicing,10551.96,143.81,96,0,true,LIA-INC-001,credit_report
APP-000068-LIA-03,APP-000068,revolving_credit_card,Pinnacle Auto Finance,4424.67,132.74,,15802.39,true,LIA-INC-003,credit_report
APP-000068-LIA-04,APP-000068,installment_personal,Pinnacle Auto Finance,2866.63,88.50,36,0,true,LIA-INC-001,credit_report
APP-000069-LIA-01,APP-000069,auto_loan,Sablefield Mortgage Servicing,9112.17,218.16,48,0,true,LIA-INC-001,credit_report
APP-000069-LIA-02,APP-000069,student_loan,Cascade Personal Loans,12241.04,166.83,96,0,true,LIA-INC-001,credit_report
APP-000069-LIA-03,APP-000069,revolving_credit_card,Pinnacle Auto Finance,5133.33,154.00,,18333.32,true,LIA-INC-003,credit_report
APP-000069-LIA-04,APP-000069,installment_personal,Summit Education Lending,3325.29,102.66,36,0,true,LIA-INC-001,credit_report
APP-000070-LIA-01,APP-000070,auto_loan,Sablefield Mortgage Servicing,4651.73,111.37,48,0,true,LIA-INC-001,credit_report
APP-000070-LIA-02,APP-000070,student_loan,Sablefield Mortgage Servicing,6249.29,85.17,96,0,true,LIA-INC-001,credit_report
APP-000070-LIA-03,APP-000070,revolving_credit_card,Summit Education Lending,2620.67,78.62,,9359.54,true,LIA-INC-003,credit_report
APP-000070-LIA-04,APP-000070,installment_personal,Summit Education Lending,1697.63,52.41,36,0,true,LIA-INC-001,credit_report
APP-000071-LIA-01,APP-000071,auto_loan,Cascade Personal Loans,13277.31,317.88,48,0,true,LIA-INC-001,credit_report
APP-000071-LIA-02,APP-000071,student_loan,Harborline Retail Credit,17835.84,243.08,96,0,true,LIA-INC-001,credit_report
APP-000071-LIA-03,APP-000071,revolving_credit_card,Pinnacle Auto Finance,7479.67,224.39,,26713.11,true,LIA-INC-003,credit_report
APP-000071-LIA-04,APP-000071,installment_personal,Sablefield Mortgage Servicing,4845.41,149.59,36,0,true,LIA-INC-001,credit_report
APP-000072-LIA-01,APP-000072,auto_loan,Summit Education Lending,6302.00,150.88,48,0,true,LIA-INC-001,credit_report
APP-000072-LIA-02,APP-000072,student_loan,Summit Education Lending,8465.93,115.38,96,0,true,LIA-INC-001,credit_report
APP-000072-LIA-03,APP-000072,revolving_credit_card,Sablefield Mortgage Servicing,3550.00,106.50,,12678.57,true,LIA-INC-003,credit_report
APP-000072-LIA-04,APP-000072,installment_personal,Sablefield Mortgage Servicing,2299.46,70.99,36,0,true,LIA-INC-001,credit_report
APP-000073-LIA-01,APP-000073,auto_loan,Pinnacle Auto Finance,15415.42,369.07,48,0,true,LIA-INC-001,credit_report
APP-000073-LIA-02,APP-000073,student_loan,Harborline Retail Credit,20708.44,282.23,96,0,true,LIA-INC-001,credit_report
APP-000073-LIA-03,APP-000073,revolving_credit_card,Cascade Personal Loans,8684.00,260.52,,31014.29,true,LIA-INC-003,credit_report
APP-000073-LIA-04,APP-000073,installment_personal,Cascade Personal Loans,5625.39,173.67,36,0,true,LIA-INC-001,credit_report
APP-000074-LIA-01,APP-000074,auto_loan,Sablefield Mortgage Servicing,13022.10,311.77,48,0,true,LIA-INC-001,credit_report
APP-000074-LIA-02,APP-000074,student_loan,Harborline Retail Credit,17493.18,238.41,96,0,true,LIA-INC-001,credit_report
APP-000074-LIA-03,APP-000074,revolving_credit_card,Sablefield Mortgage Servicing,7335.67,220.07,,26198.82,true,LIA-INC-003,credit_report
APP-000074-LIA-04,APP-000074,installment_personal,Harborline Retail Credit,4752.45,146.72,36,0,true,LIA-INC-001,credit_report
APP-000075-LIA-01,APP-000075,auto_loan,Harborline Retail Credit,3473.03,83.15,48,0,true,LIA-INC-001,credit_report
APP-000075-LIA-02,APP-000075,student_loan,Summit Education Lending,4665.14,63.58,96,0,true,LIA-INC-001,credit_report
APP-000075-LIA-03,APP-000075,revolving_credit_card,Summit Education Lending,1956.33,58.69,,6986.89,true,LIA-INC-003,credit_report
APP-000075-LIA-04,APP-000075,installment_personal,Summit Education Lending,1267.47,39.13,36,0,true,LIA-INC-001,credit_report
