verification_id,application_id,borrower_id,category,provider,requested_date,completed_date,result,rule_id
APP-000001-VER-1,APP-000001,BORR-000001,identity,SYNTH-VERIFY,2026-07-31,2026-08-04,VERIFIED,KYC-IDV-001
APP-000001-VER-2,APP-000001,BORR-000001,employment,SYNTH-VERIFY,2026-07-31,2026-08-04,VERIFIED,EMP-VER-001
APP-000001-VER-3,APP-000001,BORR-000001,income,SYNTH-VERIFY,2026-07-31,2026-08-04,VERIFIED,INC-GEN-001
APP-000001-VER-4,APP-000001,BORR-000001,assets,SYNTH-VERIFY,2026-07-31,2026-08-04,VERIFIED,AST-ELG-001
APP-000001-VER-5,APP-000001,BORR-000001,flood_determination,SYNTH-VERIFY,2026-07-31,2026-08-04,X,PRP-ELG-004
APP-000002-VER-1,APP-000002,BORR-000002,identity,SYNTH-VERIFY,2026-07-31,2026-08-04,VERIFIED,KYC-IDV-001
APP-000002-VER-2,APP-000002,BORR-000002,employment,SYNTH-VERIFY,2026-07-31,2026-08-04,VERIFIED,EMP-VER-001
APP-000002-VER-3,APP-000002,BORR-000002,income,SYNTH-VERIFY,2026-07-31,2026-08-04,VERIFIED,INC-GEN-001
APP-000002-VER-4,APP-000002,BORR-000002,assets,SYNTH-VERIFY,2026-07-31,2026-08-04,VERIFIED,AST-ELG-001
APP-000002-VER-5,APP-000002,BORR-000002,flood_determination,SYNTH-VERIFY,2026-07-31,2026-08-04,X,PRP-ELG-004
APP-000003-VER-1,APP-000003,BORR-000003,identity,SYNTH-VERIFY,2026-07-31,2026-08-04,VERIFIED,KYC-IDV-001
APP-000003-VER-2,APP-000003,BORR-000003,employment,SYNTH-VERIFY,2026-07-31,2026-08-04,VERIFIED,EMP-VER-001
APP-000003-VER-3,APP-000003,BORR-000003,income,SYNTH-VERIFY,2026-07-31,2026-08-04,VERIFIED,INC-GEN-001
APP-000003-VER-4,APP-000003,BORR-000003,assets,SYNTH-VERIFY,2026-07-31,2026-08-04,VERIFIED,AST-ELG-001
APP-000003-VER-5,APP-000003,BORR-000003,flood_determination,SYNTH-VERIFY,2026-07-31,2026-08-04,X,PRP-ELG-004
APP-000004-VER-1,APP-000004,BORR-000004,identity,SYNTH-VERIFY,2026-07-31,2026-08-04,VERIFIED,KYC-IDV-001
APP-000004-VER-2,APP-000004,BORR-000004,employment,SYNTH-VERIFY,2026-07-31,2026-08-04,VERIFIED,EMP-VER-001
APP-000004-VER-3,APP-000004,BORR-000004,income,SYNTH-VERIFY,2026-07-31,2026-08-04,VERIFIED,INC-GEN-001
APP-000004-VER-4,APP-000004,BORR-000004,assets,SYNTH-VERIFY,2026-07-31,2026-08-04,VERIFIED,AST-ELG-001
APP-000004-VER-5,APP-000004,BORR-000004,flood_determination,SYNTH-VERIFY,2026-07-31,2026-08-04,X,PRP-ELG-004
APP-000005-VER-1,APP-000005,BORR-000005,identity,SYNTH-VERIFY,2026-07-31,2026-08-04,VERIFIED,KYC-IDV-001
APP-000005-VER-2,APP-000005,BORR-000005,employment,SYNTH-VERIFY,2026-07-31,2026-08-04,VERIFIED,EMP-VER-001
APP-000005-VER-3,APP-000005,BORR-000005,income,SYNTH-VERIFY,2026-07-31,2026-08-04,VERIFIED,INC-GEN-001
APP-000005-VER-4,APP-000005,BORR-000005,assets,SYNTH-VERIFY,2026-07-31,2026-08-04,VERIFIED,AST-ELG-001
APP-000005-VER-5,APP-000005,BORR-000005,flood_determination,SYNTH-VERIFY,2026-07-31,2026-08-04,X,PRP-ELG-004
APP-000006-VER-1,APP-000006,BORR-000007,identity,SYNTH-VERIFY,2026-07-31,2026-08-04,VERIFIED,KYC-IDV-001
APP-000006-VER-2,APP-000006,BORR-000007,employment,SYNTH-VERIFY,2026-07-31,2026-08-04,VERIFIED,EMP-VER-001
APP-000006-VER-3,APP-000006,BORR-000007,income,SYNTH-VERIFY,2026-07-31,2026-08-04,VERIFIED,INC-GEN-001
APP-000006-VER-4,APP-000006,BORR-000007,assets,SYNTH-VERIFY,2026-07-31,2026-08-04,VERIFIED,AST-ELG-001
APP-000006-VER-5,APP-000006,BORR-000007,flood_determination,SYNTH-VERIFY,2026-07-31,2026-08-04,X,PRP-ELG-004
APP-000007-VER-1,APP-000007,BORR-000008,identity,SYNTH-VERIFY,2026-07-31,2026-08-04,VERIFIED,KYC-IDV-001
APP-000007-VER-2,APP-000007,BORR-000008,employment,SYNTH-VERIFY,2026-07-31,2026-08-04,VERIFIED,EMP-VER-001
APP-000007-VER-3,APP-000007,BORR-000008,income,SYNTH-VERIFY,2026-07-31,2026-08-04,VERIFIED,INC-GEN-001
APP-000007-VER-4,APP-000007,BORR-000008,assets,SYNTH-VERIFY,2026-07-31,2026-08-04,VERIFIED,AST-ELG-001
APP-000007-VER-5,APP-000007,BORR-000008,flood_determination,SYNTH-VERIFY,2026-07-31,2026-08-04,X,PRP-ELG-004
APP-000008-VER-1,APP-000008,BORR-000009,identity,SYNTH-VERIFY,2026-07-31,2026-08-04,VERIFIED,KYC-IDV-001
APP-000008-VER-2,APP-000008,BORR-000009,employment,SYNTH-VERIFY,2026-07-31,2026-08-04,VERIFIED,EMP-VER-001
APP-000008-VER-3,APP-000008,BORR-000009,income,SYNTH-VERIFY,2026-07-31,2026-08-04,VERIFIED,INC-GEN-001
APP-000008-VER-4,APP-000008,BORR-000009,assets,SYNTH-VERIFY,2026-07-31,2026-08-04,VERIFIED,AST-ELG-001
APP-000008-VER-5,APP-000008,BORR-000009,flood_determination,SYNTH-VERIFY,2026-07-31,2026-08-04,X,PRP-ELG-004
APP-000009-VER-1,APP-000009,BORR-000010,identity,SYNTH-VERIFY,2026-07-31,2026-08-04,VERIFIED,KYC-IDV-001
APP-000009-VER-2,APP-000009,BORR-000010,employment,SYNTH-VERIFY,2026-07-31,2026-08-04,VERIFIED,EMP-VER-001
APP-000009-VER-3,APP-000009,BORR-000010,income,SYNTH-VERIFY,2026-07-31,2026-08-04,VERIFIED,INC-GEN-001
APP-000009-VER-4,APP-000009,BORR-000010,assets,SYNTH-VERIFY,2026-07-31,2026-08-04,VERIFIED,AST-ELG-001
APP-000009-VER-5,APP-000009,BORR-000010,flood_determination,SYNTH-VERIFY,2026-07-31,2026-08-04,X,PRP-ELG-004
APP-000010-VER-1,APP-000010,BORR-000011,identity,SYNTH-VERIFY,2026-07-31,2026-08-04,VERIFIED,KYC-IDV-001
APP-000010-VER-2,APP-000010,BORR-000011,employment,SYNTH-VERIFY,2026-07-31,2026-08-04,VERIFIED,EMP-VER-001
APP-000010-VER-3,APP-000010,BORR-000011,income,SYNTH-VERIFY,2026-07-31,2026-08-04,VERIFIED,INC-GEN-001
APP-000010-VER-4,APP-000010,BORR-000011,assets,SYNTH-VERIFY,2026-07-31,2026-08-04,VERIFIED,AST-ELG-001
APP-000010-VER-5,APP-000010,BORR-000011,flood_determination,SYNTH-VERIFY,2026-07-31,2026-08-04,X,PRP-ELG-004
APP-000011-VER-1,APP-000011,BORR-000012,identity,SYNTH-VERIFY,2026-07-31,2026-08-04,VERIFIED,KYC-IDV-001
APP-000011-VER-2,APP-000011,BORR-000012,employment,SYNTH-VERIFY,2026-07-31,2026-08-04,VERIFIED,EMP-VER-001
APP-000011-VER-3,APP-000011,BORR-000012,income,SYNTH-VERIFY,2026-07-31,2026-08-04,VERIFIED,INC-GEN-001
APP-000011-VER-4,APP-000011,BORR-000012,assets,SYNTH-VERIFY,2026-07-31,2026-08-04,VERIFIED,AST-ELG-001
APP-000011-VER-5,APP-000011,BORR-000012,flood_determination,SYNTH-VERIFY,2026-07-31,2026-08-04,X,PRP-ELG-004
APP-000012-VER-1,APP-000012,BORR-000013,identity,SYNTH-VERIFY,2026-08-23,2026-08-27,VERIFIED,KYC-IDV-001
APP-000012-VER-2,APP-000012,BORR-000013,employment,SYNTH-VERIFY,2026-08-23,2026-08-27,VERIFIED,EMP-VER-001
APP-000012-VER-3,APP-000012,BORR-000013,income,SYNTH-VERIFY,2026-08-23,2026-08-27,VERIFIED,INC-GEN-001
APP-000012-VER-4,APP-000012,BORR-000013,assets,SYNTH-VERIFY,2026-08-23,2026-08-27,VERIFIED,AST-ELG-001
APP-000012-VER-5,APP-000012,BORR-000013,flood_determination,SYNTH-VERIFY,2026-08-23,2026-08-27,X,PRP-ELG-004
APP-000013-VER-1,APP-000013,BORR-000014,identity,SYNTH-VERIFY,2026-07-31,2026-08-04,VERIFIED,KYC-IDV-001
APP-000013-VER-2,APP-000013,BORR-000014,employment,SYNTH-VERIFY,2026-07-31,2026-08-04,VERIFIED,EMP-VER-001
APP-000013-VER-3,APP-000013,BORR-000014,income,SYNTH-VERIFY,2026-07-31,2026-08-04,VERIFIED,INC-GEN-001
APP-000013-VER-4,APP-000013,BORR-000014,assets,SYNTH-VERIFY,2026-07-31,2026-08-04,VERIFIED,AST-ELG-001
APP-000013-VER-5,APP-000013,BORR-000014,flood_determination,SYNTH-VERIFY,2026-07-31,2026-08-04,X,PRP-ELG-004
APP-000014-VER-1,APP-000014,BORR-000016,identity,SYNTH-VERIFY,2026-07-31,2026-08-04,VERIFIED,KYC-IDV-001
APP-000014-VER-2,APP-000014,BORR-000016,employment,SYNTH-VERIFY,2026-07-31,2026-08-04,VERIFIED,EMP-VER-001
APP-000014-VER-3,APP-000014,BORR-000016,income,SYNTH-VERIFY,2026-07-31,2026-08-04,VERIFIED,INC-GEN-001
APP-000014-VER-4,APP-000014,BORR-000016,assets,SYNTH-VERIFY,2026-07-31,2026-08-04,VERIFIED,AST-ELG-001
APP-000014-VER-5,APP-000014,BORR-000016,flood_determination,SYNTH-VERIFY,2026-07-31,2026-08-04,X,PRP-ELG-004
APP-000015-VER-1,APP-000015,BORR-000017,identity,SYNTH-VERIFY,2026-07-31,2026-08-04,VERIFIED,KYC-IDV-001
APP-000015-VER-2,APP-000015,BORR-000017,employment,SYNTH-VERIFY,2026-07-31,2026-08-04,VERIFIED,EMP-VER-001
APP-000015-VER-3,APP-000015,BORR-000017,income,SYNTH-VERIFY,2026-07-31,2026-08-04,VERIFIED,INC-GEN-001
APP-000015-VER-4,APP-000015,BORR-000017,assets,SYNTH-VERIFY,2026-07-31,2026-08-04,VERIFIED,AST-ELG-001
APP-000015-VER-5,APP-000015,BORR-000017,flood_determination,SYNTH-VERIFY,2026-07-31,2026-08-04,X,PRP-ELG-004
APP-000016-VER-1,APP-000016,BORR-000019,identity,SYNTH-VERIFY,2026-07-31,2026-08-04,VERIFIED,KYC-IDV-001
APP-000016-VER-2,APP-000016,BORR-000019,employment,SYNTH-VERIFY,2026-07-31,2026-08-04,VERIFIED,EMP-VER-001
APP-000016-VER-3,APP-000016,BORR-000019,income,SYNTH-VERIFY,2026-07-31,2026-08-04,VERIFIED,INC-GEN-001
APP-000016-VER-4,APP-000016,BORR-000019,assets,SYNTH-VERIFY,2026-07-31,2026-08-04,VERIFIED,AST-ELG-001
APP-000016-VER-5,APP-000016,BORR-000019,flood_determination,SYNTH-VERIFY,2026-07-31,2026-08-04,X,PRP-ELG-004
APP-000017-VER-1,APP-000017,BORR-000020,identity,SYNTH-VERIFY,2026-07-31,2026-08-04,VERIFIED,KYC-IDV-001
APP-000017-VER-2,APP-000017,BORR-000020,employment,SYNTH-VERIFY,2026-07-31,2026-08-04,VERIFIED,EMP-VER-001
APP-000017-VER-3,APP-000017,BORR-000020,income,SYNTH-VERIFY,2026-07-31,2026-08-04,VERIFIED,INC-GEN-001
APP-000017-VER-4,APP-000017,BORR-000020,assets,SYNTH-VERIFY,2026-07-31,2026-08-04,VERIFIED,AST-ELG-001
APP-000017-VER-5,APP-000017,BORR-000020,flood_determination,SYNTH-VERIFY,2026-07-31,2026-08-04,X,PRP-ELG-004
APP-000018-VER-1,APP-000018,BORR-000021,identity,SYNTH-VERIFY,2026-08-23,2026-08-27,VERIFIED,KYC-IDV-001
APP-000018-VER-2,APP-000018,BORR-000021,employment,SYNTH-VERIFY,2026-08-23,2026-08-27,VERIFIED,EMP-VER-001
APP-000018-VER-3,APP-000018,BORR-000021,income,SYNTH-VERIFY,2026-08-23,2026-08-27,VERIFIED,INC-GEN-001
APP-000018-VER-4,APP-000018,BORR-000021,assets,SYNTH-VERIFY,2026-08-23,2026-08-27,VERIFIED,AST-ELG-001
APP-000018-VER-5,APP-000018,BORR-000021,flood_determination,SYNTH-VERIFY,2026-08-23,2026-08-27,X,PRP-ELG-004
APP-000019-VER-1,APP-000019,BORR-000022,identity,SYNTH-VERIFY,2026-07-31,2026-08-04,VERIFIED,KYC-IDV-001
APP-000019-VER-2,APP-000019,BORR-000022,employment,SYNTH-VERIFY,2026-07-31,2026-08-04,VERIFIED,EMP-VER-001
APP-000019-VER-3,APP-000019,BORR-000022,income,SYNTH-VERIFY,2026-07-31,2026-08-04,VERIFIED,INC-GEN-001
APP-000019-VER-4,APP-000019,BORR-000022,assets,SYNTH-VERIFY,2026-07-31,2026-08-04,VERIFIED,AST-ELG-001
APP-000019-VER-5,APP-000019,BORR-000022,flood_determination,SYNTH-VERIFY,2026-07-31,2026-08-04,X,PRP-ELG-004
APP-000020-VER-1,APP-000020,BORR-000024,identity,SYNTH-VERIFY,2026-07-31,2026-08-04,VERIFIED,KYC-IDV-001
APP-000020-VER-2,APP-000020,BORR-000024,employment,SYNTH-VERIFY,2026-07-31,2026-08-04,VERIFIED,EMP-VER-001
APP-000020-VER-3,APP-000020,BORR-000024,income,SYNTH-VERIFY,2026-07-31,2026-08-04,VERIFIED,INC-GEN-001
APP-000020-VER-4,APP-000020,BORR-000024,assets,SYNTH-VERIFY,2026-07-31,2026-08-04,VERIFIED,AST-ELG-001
APP-000020-VER-5,APP-000020,BORR-000024,flood_determination,SYNTH-VERIFY,2026-07-31,2026-08-04,X,PRP-ELG-004
APP-000021-VER-1,APP-000021,BORR-000025,identity,SYNTH-VERIFY,2026-07-31,2026-08-04,VERIFIED,KYC-IDV-001
APP-000021-VER-2,APP-000021,BORR-000025,employment,SYNTH-VERIFY,2026-07-31,2026-08-04,VERIFIED,EMP-VER-001
APP-000021-VER-3,APP-000021,BORR-000025,income,SYNTH-VERIFY,2026-07-31,2026-08-04,VERIFIED,INC-GEN-001
APP-000021-VER-4,APP-000021,BORR-000025,assets,SYNTH-VERIFY,2026-07-31,2026-08-04,VERIFIED,AST-ELG-001
APP-000021-VER-5,APP-000021,BORR-000025,flood_determination,SYNTH-VERIFY,2026-07-31,2026-08-04,X,PRP-ELG-004
APP-000022-VER-1,APP-000022,BORR-000026,identity,SYNTH-VERIFY,2026-07-31,2026-08-04,VERIFIED,KYC-IDV-001
APP-000022-VER-2,APP-000022,BORR-000026,employment,SYNTH-VERIFY,2026-07-31,2026-08-04,VERIFIED,EMP-VER-001
APP-000022-VER-3,APP-000022,BORR-000026,income,SYNTH-VERIFY,2026-07-31,2026-08-04,VERIFIED,INC-GEN-001
APP-000022-VER-4,APP-000022,BORR-000026,assets,SYNTH-VERIFY,2026-07-31,2026-08-04,VERIFIED,AST-ELG-001
APP-000022-VER-5,APP-000022,BORR-000026,flood_determination,SYNTH-VERIFY,2026-07-31,2026-08-04,X,PRP-ELG-004
APP-000023-VER-1,APP-000023,BORR-000028,identity,SYNTH-VERIFY,2026-07-31,2026-08-04,VERIFIED,KYC-IDV-001
APP-000023-VER-2,APP-000023,BORR-000028,employment,SYNTH-VERIFY,2026-07-31,2026-08-04,VERIFIED,EMP-VER-001
APP-000023-VER-3,APP-000023,BORR-000028,income,SYNTH-VERIFY,2026-07-31,2026-08-04,VERIFIED,INC-GEN-001
APP-000023-VER-4,APP-000023,BORR-000028,assets,SYNTH-VERIFY,2026-07-31,2026-08-04,VERIFIED,AST-ELG-001
APP-000023-VER-5,APP-000023,BORR-000028,flood_determination,SYNTH-VERIFY,2026-07-31,2026-08-04,X,PRP-ELG-004
APP-000024-VER-1,APP-000024,BORR-000030,identity,SYNTH-VERIFY,2026-07-31,2026-08-04,VERIFIED,KYC-IDV-001
APP-000024-VER-2,APP-000024,BORR-000030,employment,SYNTH-VERIFY,2026-07-31,2026-08-04,VERIFIED,EMP-VER-001
APP-000024-VER-3,APP-000024,BORR-000030,income,SYNTH-VERIFY,2026-07-31,2026-08-04,VERIFIED,INC-GEN-001
APP-000024-VER-4,APP-000024,BORR-000030,assets,SYNTH-VERIFY,2026-07-31,2026-08-04,VERIFIED,AST-ELG-001
APP-000024-VER-5,APP-000024,BORR-000030,flood_determination,SYNTH-VERIFY,2026-07-31,2026-08-04,X,PRP-ELG-004
APP-000025-VER-1,APP-000025,BORR-000031,identity,SYNTH-VERIFY,2026-07-31,2026-08-04,VERIFIED,KYC-IDV-001
APP-000025-VER-2,APP-000025,BORR-000031,employment,SYNTH-VERIFY,2026-07-31,2026-08-04,VERIFIED,EMP-VER-001
APP-000025-VER-3,APP-000025,BORR-000031,income,SYNTH-VERIFY,2026-07-31,2026-08-04,VERIFIED,INC-GEN-001
APP-000025-VER-4,APP-000025,BORR-000031,assets,SYNTH-VERIFY,2026-07-31,2026-08-04,VERIFIED,AST-ELG-001
APP-000025-VER-5,APP-000025,BORR-000031,flood_determination,SYNTH-VERIFY,2026-07-31,2026-08-04,X,PRP-ELG-004
APP-000026-VER-1,APP-000026,BORR-000032,identity,SYNTH-VERIFY,2026-07-31,2026-08-04,VERIFIED,KYC-IDV-001
APP-000026-VER-2,APP-000026,BORR-000032,employment,SYNTH-VERIFY,2026-07-31,2026-08-04,VERIFIED,EMP-VER-001
APP-000026-VER-3,APP-000026,BORR-000032,income,SYNTH-VERIFY,2026-07-31,2026-08-04,VERIFIED,INC-GEN-001
APP-000026-VER-4,APP-000026,BORR-000032,assets,SYNTH-VERIFY,2026-07-31,2026-08-04,VERIFIED,AST-ELG-001
APP-000026-VER-5,APP-000026,BORR-000032,flood_determination,SYNTH-VERIFY,2026-07-31,2026-08-04,X,PRP-ELG-004
APP-000027-VER-1,APP-000027,BORR-000033,identity,SYNTH-VERIFY,2026-07-31,2026-08-04,VERIFIED,KYC-IDV-001
APP-000027-VER-2,APP-000027,BORR-000033,employment,SYNTH-VERIFY,2026-07-31,2026-08-04,VERIFIED,EMP-VER-001
APP-000027-VER-3,APP-000027,BORR-000033,income,SYNTH-VERIFY,2026-07-31,2026-08-04,VERIFIED,INC-GEN-001
APP-000027-VER-4,APP-000027,BORR-000033,assets,SYNTH-VERIFY,2026-07-31,2026-08-04,VERIFIED,AST-ELG-001
APP-000027-VER-5,APP-000027,BORR-000033,flood_determination,SYNTH-VERIFY,2026-07-31,2026-08-04,X,PRP-ELG-004
APP-000028-VER-1,APP-000028,BORR-000035,identity,SYNTH-VERIFY,2026-07-31,2026-08-04,VERIFIED,KYC-IDV-001
APP-000028-VER-2,APP-000028,BORR-000035,employment,SYNTH-VERIFY,2026-07-31,2026-08-04,VERIFIED,EMP-VER-001
APP-000028-VER-3,APP-000028,BORR-000035,income,SYNTH-VERIFY,2026-07-31,2026-08-04,VERIFIED,INC-GEN-001
APP-000028-VER-4,APP-000028,BORR-000035,assets,SYNTH-VERIFY,2026-07-31,2026-08-04,VERIFIED,AST-ELG-001
APP-000028-VER-5,APP-000028,BORR-000035,flood_determination,SYNTH-VERIFY,2026-07-31,2026-08-04,X,PRP-ELG-004
APP-000029-VER-1,APP-000029,BORR-000036,identity,SYNTH-VERIFY,2026-07-31,2026-08-04,VERIFIED,KYC-IDV-001
APP-000029-VER-2,APP-000029,BORR-000036,employment,SYNTH-VERIFY,2026-07-31,2026-08-04,VERIFIED,EMP-VER-001
APP-000029-VER-3,APP-000029,BORR-000036,income,SYNTH-VERIFY,2026-07-31,2026-08-04,VERIFIED,INC-GEN-001
APP-000029-VER-4,APP-000029,BORR-000036,assets,SYNTH-VERIFY,2026-07-31,2026-08-04,VERIFIED,AST-ELG-001
APP-000029-VER-5,APP-000029,BORR-000036,flood_determination,SYNTH-VERIFY,2026-07-31,2026-08-04,X,PRP-ELG-004
APP-000030-VER-1,APP-000030,BORR-000037,identity,SYNTH-VERIFY,2026-07-31,2026-08-04,VERIFIED,KYC-IDV-001
APP-000030-VER-2,APP-000030,BORR-000037,employment,SYNTH-VERIFY,2026-07-31,2026-08-04,VERIFIED,EMP-VER-001
APP-000030-VER-3,APP-000030,BORR-000037,income,SYNTH-VERIFY,2026-07-31,2026-08-04,VERIFIED,INC-GEN-001
APP-000030-VER-4,APP-000030,BORR-000037,assets,SYNTH-VERIFY,2026-07-31,2026-08-04,VERIFIED,AST-ELG-001
APP-000030-VER-5,APP-000030,BORR-000037,flood_determination,SYNTH-VERIFY,2026-07-31,2026-08-04,X,PRP-ELG-004
APP-000031-VER-1,APP-000031,BORR-000038,identity,SYNTH-VERIFY,2026-07-31,2026-08-04,VERIFIED,KYC-IDV-001
APP-000031-VER-2,APP-000031,BORR-000038,employment,SYNTH-VERIFY,2026-07-31,2026-08-04,VERIFIED,EMP-VER-001
APP-000031-VER-3,APP-000031,BORR-000038,income,SYNTH-VERIFY,2026-07-31,2026-08-04,VERIFIED,INC-GEN-001
APP-000031-VER-4,APP-000031,BORR-000038,assets,SYNTH-VERIFY,2026-07-31,2026-08-04,VERIFIED,AST-ELG-001
APP-000031-VER-5,APP-000031,BORR-000038,flood_determination,SYNTH-VERIFY,2026-07-31,2026-08-04,X,PRP-ELG-004
APP-000032-VER-1,APP-000032,BORR-000039,identity,SYNTH-VERIFY,2026-07-31,2026-08-04,VERIFIED,KYC-IDV-001
APP-000032-VER-2,APP-000032,BORR-000039,employment,SYNTH-VERIFY,2026-07-31,2026-08-04,VERIFIED,EMP-VER-001
APP-000032-VER-3,APP-000032,BORR-000039,income,SYNTH-VERIFY,2026-07-31,2026-08-04,VERIFIED,INC-GEN-001
APP-000032-VER-4,APP-000032,BORR-000039,assets,SYNTH-VERIFY,2026-07-31,2026-08-04,VERIFIED,AST-ELG-001
APP-000032-VER-5,APP-000032,BORR-000039,flood_determination,SYNTH-VERIFY,2026-07-31,2026-08-04,X,PRP-ELG-004
APP-000033-VER-1,APP-000033,BORR-000040,identity,SYNTH-VERIFY,2026-08-23,2026-08-27,VERIFIED,KYC-IDV-001
APP-000033-VER-2,APP-000033,BORR-000040,employment,SYNTH-VERIFY,2026-08-23,2026-08-27,VERIFIED,EMP-VER-001
APP-000033-VER-3,APP-000033,BORR-000040,income,SYNTH-VERIFY,2026-08-23,2026-08-27,VERIFIED,INC-GEN-001
APP-000033-VER-4,APP-000033,BORR-000040,assets,SYNTH-VERIFY,2026-08-23,2026-08-27,VERIFIED,AST-ELG-001
APP-000033-VER-5,APP-000033,BORR-000040,flood_determination,SYNTH-VERIFY,2026-08-23,2026-08-27,X,PRP-ELG-004
APP-000034-VER-1,APP-000034,BORR-000041,identity,SYNTH-VERIFY,2026-07-31,2026-08-04,VERIFIED,KYC-IDV-001
APP-000034-VER-2,APP-000034,BORR-000041,employment,SYNTH-VERIFY,2026-07-31,2026-08-04,VERIFIED,EMP-VER-001
APP-000034-VER-3,APP-000034,BORR-000041,income,SYNTH-VERIFY,2026-07-31,2026-08-04,VERIFIED,INC-GEN-001
APP-000034-VER-4,APP-000034,BORR-000041,assets,SYNTH-VERIFY,2026-07-31,2026-08-04,VERIFIED,AST-ELG-001
APP-000034-VER-5,APP-000034,BORR-000041,flood_determination,SYNTH-VERIFY,2026-07-31,2026-08-04,X,PRP-ELG-004
APP-000035-VER-1,APP-000035,BORR-000042,identity,SYNTH-VERIFY,2026-07-31,2026-08-04,VERIFIED,KYC-IDV-001
APP-000035-VER-2,APP-000035,BORR-000042,employment,SYNTH-VERIFY,2026-07-31,2026-08-04,VERIFIED,EMP-VER-001
APP-000035-VER-3,APP-000035,BORR-000042,income,SYNTH-VERIFY,2026-07-31,2026-08-04,VERIFIED,INC-GEN-001
APP-000035-VER-4,APP-000035,BORR-000042,assets,SYNTH-VERIFY,2026-07-31,2026-08-04,VERIFIED,AST-ELG-001
APP-000035-VER-5,APP-000035,BORR-000042,flood_determination,SYNTH-VERIFY,2026-07-31,2026-08-04,X,PRP-ELG-004
APP-000036-VER-1,APP-000036,BORR-000043,identity,SYNTH-VERIFY,2026-07-31,2026-08-04,VERIFIED,KYC-IDV-001
APP-000036-VER-2,APP-000036,BORR-000043,employment,SYNTH-VERIFY,2026-07-31,2026-08-04,VERIFIED,EMP-VER-001
APP-000036-VER-3,APP-000036,BORR-000043,income,SYNTH-VERIFY,2026-07-31,2026-08-04,VERIFIED,INC-GEN-001
APP-000036-VER-4,APP-000036,BORR-000043,assets,SYNTH-VERIFY,2026-07-31,2026-08-04,VERIFIED,AST-ELG-001
APP-000036-VER-5,APP-000036,BORR-000043,flood_determination,SYNTH-VERIFY,2026-07-31,2026-08-04,X,PRP-ELG-004
APP-000037-VER-1,APP-000037,BORR-000045,identity,SYNTH-VERIFY,2026-07-31,2026-08-04,VERIFIED,KYC-IDV-001
APP-000037-VER-2,APP-000037,BORR-000045,employment,SYNTH-VERIFY,2026-07-31,2026-08-04,CONFLICT,EMP-VER-001
APP-000037-VER-3,APP-000037,BORR-000045,income,SYNTH-VERIFY,2026-07-31,2026-08-04,VERIFIED,INC-GEN-001
APP-000037-VER-4,APP-000037,BORR-000045,assets,SYNTH-VERIFY,2026-07-31,2026-08-04,VERIFIED,AST-ELG-001
APP-000037-VER-5,APP-000037,BORR-000045,flood_determination,SYNTH-VERIFY,2026-07-31,2026-08-04,X,PRP-ELG-004
APP-000038-VER-1,APP-000038,BORR-000046,identity,SYNTH-VERIFY,2026-07-31,2026-08-04,VERIFIED,KYC-IDV-001
APP-000038-VER-2,APP-000038,BORR-000046,employment,SYNTH-VERIFY,2026-07-31,2026-08-04,VERIFIED,EMP-VER-001
APP-000038-VER-3,APP-000038,BORR-000046,income,SYNTH-VERIFY,2026-07-31,2026-08-04,VERIFIED,INC-GEN-001
APP-000038-VER-4,APP-000038,BORR-000046,assets,SYNTH-VERIFY,2026-07-31,2026-08-04,VERIFIED,AST-ELG-001
APP-000038-VER-5,APP-000038,BORR-000046,flood_determination,SYNTH-VERIFY,2026-07-31,2026-08-04,X,PRP-ELG-004
APP-000039-VER-1,APP-000039,BORR-000047,identity,SYNTH-VERIFY,2026-07-31,2026-08-04,VERIFIED,KYC-IDV-001
APP-000039-VER-2,APP-000039,BORR-000047,employment,SYNTH-VERIFY,2026-07-31,2026-08-04,VERIFIED,EMP-VER-001
APP-000039-VER-3,APP-000039,BORR-000047,income,SYNTH-VERIFY,2026-07-31,2026-08-04,VERIFIED,INC-GEN-001
APP-000039-VER-4,APP-000039,BORR-000047,assets,SYNTH-VERIFY,2026-07-31,2026-08-04,VERIFIED,AST-ELG-001
APP-000039-VER-5,APP-000039,BORR-000047,flood_determination,SYNTH-VERIFY,2026-07-31,2026-08-04,X,PRP-ELG-004
APP-000040-VER-1,APP-000040,BORR-000048,identity,SYNTH-VERIFY,2026-07-31,2026-08-04,VERIFIED,KYC-IDV-001
APP-000040-VER-2,APP-000040,BORR-000048,employment,SYNTH-VERIFY,2026-07-31,2026-08-04,VERIFIED,EMP-VER-001
APP-000040-VER-3,APP-000040,BORR-000048,income,SYNTH-VERIFY,2026-07-31,2026-08-04,VERIFIED,INC-GEN-001
APP-000040-VER-4,APP-000040,BORR-000048,assets,SYNTH-VERIFY,2026-07-31,2026-08-04,VERIFIED,AST-ELG-001
APP-000040-VER-5,APP-000040,BORR-000048,flood_determination,SYNTH-VERIFY,2026-07-31,2026-08-04,X,PRP-ELG-004
APP-000041-VER-1,APP-000041,BORR-000049,identity,SYNTH-VERIFY,2026-07-31,2026-08-04,VERIFIED,KYC-IDV-001
APP-000041-VER-2,APP-000041,BORR-000049,employment,SYNTH-VERIFY,2026-07-31,2026-08-04,VERIFIED,EMP-VER-001
APP-000041-VER-3,APP-000041,BORR-000049,income,SYNTH-VERIFY,2026-07-31,2026-08-04,VERIFIED,INC-GEN-001
APP-000041-VER-4,APP-000041,BORR-000049,assets,SYNTH-VERIFY,2026-07-31,2026-08-04,VERIFIED,AST-ELG-001
APP-000041-VER-5,APP-000041,BORR-000049,flood_determination,SYNTH-VERIFY,2026-07-31,2026-08-04,X,PRP-ELG-004
APP-000042-VER-1,APP-000042,BORR-000050,identity,SYNTH-VERIFY,2026-07-31,2026-08-04,VERIFIED,KYC-IDV-001
APP-000042-VER-2,APP-000042,BORR-000050,employment,SYNTH-VERIFY,2026-07-31,2026-08-04,VERIFIED,EMP-VER-001
APP-000042-VER-3,APP-000042,BORR-000050,income,SYNTH-VERIFY,2026-07-31,2026-08-04,VERIFIED,INC-GEN-001
APP-000042-VER-4,APP-000042,BORR-000050,assets,SYNTH-VERIFY,2026-07-31,2026-08-04,VERIFIED,AST-ELG-001
APP-000042-VER-5,APP-000042,BORR-000050,flood_determination,SYNTH-VERIFY,2026-07-31,2026-08-04,X,PRP-ELG-004
APP-000043-VER-1,APP-000043,BORR-000051,identity,SYNTH-VERIFY,2026-07-31,2026-08-04,VERIFIED,KYC-IDV-001
APP-000043-VER-2,APP-000043,BORR-000051,employment,SYNTH-VERIFY,2026-07-31,2026-08-04,VERIFIED,EMP-VER-001
APP-000043-VER-3,APP-000043,BORR-000051,income,SYNTH-VERIFY,2026-07-31,2026-08-04,VERIFIED,INC-GEN-001
APP-000043-VER-4,APP-000043,BORR-000051,assets,SYNTH-VERIFY,2026-07-31,2026-08-04,VERIFIED,AST-ELG-001
APP-000043-VER-5,APP-000043,BORR-000051,flood_determination,SYNTH-VERIFY,2026-07-31,2026-08-04,X,PRP-ELG-004
APP-000044-VER-1,APP-000044,BORR-000052,identity,SYNTH-VERIFY,2026-07-31,2026-08-04,REFERRED,KYC-IDV-001
APP-000044-VER-2,APP-000044,BORR-000052,employment,SYNTH-VERIFY,2026-07-31,2026-08-04,VERIFIED,EMP-VER-001
APP-000044-VER-3,APP-000044,BORR-000052,income,SYNTH-VERIFY,2026-07-31,2026-08-04,VERIFIED,INC-GEN-001
APP-000044-VER-4,APP-000044,BORR-000052,assets,SYNTH-VERIFY,2026-07-31,2026-08-04,VERIFIED,AST-ELG-001
APP-000044-VER-5,APP-000044,BORR-000052,flood_determination,SYNTH-VERIFY,2026-07-31,2026-08-04,X,PRP-ELG-004
APP-000045-VER-1,APP-000045,BORR-000053,identity,SYNTH-VERIFY,2026-07-31,2026-08-04,VERIFIED,KYC-IDV-001
APP-000045-VER-2,APP-000045,BORR-000053,employment,SYNTH-VERIFY,2026-07-31,2026-08-04,VERIFIED,EMP-VER-001
APP-000045-VER-3,APP-000045,BORR-000053,income,SYNTH-VERIFY,2026-07-31,2026-08-04,VERIFIED,INC-GEN-001
APP-000045-VER-4,APP-000045,BORR-000053,assets,SYNTH-VERIFY,2026-07-31,2026-08-04,VERIFIED,AST-ELG-001
APP-000045-VER-5,APP-000045,BORR-000053,flood_determination,SYNTH-VERIFY,2026-07-31,2026-08-04,X,PRP-ELG-004
APP-000046-VER-1,APP-000046,BORR-000055,identity,SYNTH-VERIFY,2026-07-31,2026-08-04,VERIFIED,KYC-IDV-001
APP-000046-VER-2,APP-000046,BORR-000055,employment,SYNTH-VERIFY,2026-07-31,2026-08-04,VERIFIED,EMP-VER-001
APP-000046-VER-3,APP-000046,BORR-000055,income,SYNTH-VERIFY,2026-07-31,2026-08-04,VERIFIED,INC-GEN-001
APP-000046-VER-4,APP-000046,BORR-000055,assets,SYNTH-VERIFY,2026-07-31,2026-08-04,VERIFIED,AST-ELG-001
APP-000046-VER-5,APP-000046,BORR-000055,flood_determination,SYNTH-VERIFY,2026-07-31,2026-08-04,X,PRP-ELG-004
APP-000047-VER-1,APP-000047,BORR-000056,identity,SYNTH-VERIFY,2026-08-23,2026-08-27,VERIFIED,KYC-IDV-001
APP-000047-VER-2,APP-000047,BORR-000056,employment,SYNTH-VERIFY,2026-08-23,2026-08-27,VERIFIED,EMP-VER-001
APP-000047-VER-3,APP-000047,BORR-000056,income,SYNTH-VERIFY,2026-08-23,2026-08-27,VERIFIED,INC-GEN-001
APP-000047-VER-4,APP-000047,BORR-000056,assets,SYNTH-VERIFY,2026-08-23,2026-08-27,VERIFIED,AST-ELG-001
APP-000047-VER-5,APP-000047,BORR-000056,flood_determination,SYNTH-VERIFY,2026-08-23,2026-08-27,AE,PRP-ELG-004
APP-000048-VER-1,APP-000048,BORR-000058,identity,SYNTH-VERIFY,2026-07-31,2026-08-04,VERIFIED,KYC-IDV-001
APP-000048-VER-2,APP-000048,BORR-000058,employment,SYNTH-VERIFY,2026-07-31,2026-08-04,VERIFIED,EMP-VER-001
APP-000048-VER-3,APP-000048,BORR-000058,income,SYNTH-VERIFY,2026-07-31,2026-08-04,VERIFIED,INC-GEN-001
APP-000048-VER-4,APP-000048,BORR-000058,assets,SYNTH-VERIFY,2026-07-31,2026-08-04,VERIFIED,AST-ELG-001
APP-000048-VER-5,APP-000048,BORR-000058,flood_determination,SYNTH-VERIFY,2026-07-31,2026-08-04,AE,PRP-ELG-004
APP-000049-VER-1,APP-000049,BORR-000059,identity,SYNTH-VERIFY,2026-07-31,2026-08-04,VERIFIED,KYC-IDV-001
APP-000049-VER-2,APP-000049,BORR-000059,employment,SYNTH-VERIFY,2026-07-31,2026-08-04,VERIFIED,EMP-VER-001
APP-000049-VER-3,APP-000049,BORR-000059,income,SYNTH-VERIFY,2026-07-31,2026-08-04,VERIFIED,INC-GEN-001
APP-000049-VER-4,APP-000049,BORR-000059,assets,SYNTH-VERIFY,2026-07-31,2026-08-04,VERIFIED,AST-ELG-001
APP-000049-VER-5,APP-000049,BORR-000059,flood_determination,SYNTH-VERIFY,2026-07-31,2026-08-04,X,PRP-ELG-004
APP-000050-VER-1,APP-000050,BORR-000060,identity,SYNTH-VERIFY,2026-07-31,2026-08-04,VERIFIED,KYC-IDV-001
APP-000050-VER-2,APP-000050,BORR-000060,employment,SYNTH-VERIFY,2026-07-31,2026-08-04,VERIFIED,EMP-VER-001
APP-000050-VER-3,APP-000050,BORR-000060,income,SYNTH-VERIFY,2026-07-31,2026-08-04,VERIFIED,INC-GEN-001
APP-000050-VER-4,APP-000050,BORR-000060,assets,SYNTH-VERIFY,2026-07-31,2026-08-04,VERIFIED,AST-ELG-001
APP-000050-VER-5,APP-000050,BORR-000060,flood_determination,SYNTH-VERIFY,2026-07-31,2026-08-04,X,PRP-ELG-004
APP-000051-VER-1,APP-000051,BORR-000062,identity,SYNTH-VERIFY,2026-07-31,2026-08-04,VERIFIED,KYC-IDV-001
APP-000051-VER-2,APP-000051,BORR-000062,employment,SYNTH-VERIFY,2026-07-31,2026-08-04,VERIFIED,EMP-VER-001
APP-000051-VER-3,APP-000051,BORR-000062,income,SYNTH-VERIFY,2026-07-31,2026-08-04,VERIFIED,INC-GEN-001
APP-000051-VER-4,APP-000051,BORR-000062,assets,SYNTH-VERIFY,2026-07-31,2026-08-04,VERIFIED,AST-ELG-001
APP-000051-VER-5,APP-000051,BORR-000062,flood_determination,SYNTH-VERIFY,2026-07-31,2026-08-04,X,PRP-ELG-004
APP-000052-VER-1,APP-000052,BORR-000063,identity,SYNTH-VERIFY,2026-08-23,2026-08-27,VERIFIED,KYC-IDV-001
APP-000052-VER-2,APP-000052,BORR-000063,employment,SYNTH-VERIFY,2026-08-23,2026-08-27,VERIFIED,EMP-VER-001
APP-000052-VER-3,APP-000052,BORR-000063,income,SYNTH-VERIFY,2026-08-23,2026-08-27,VERIFIED,INC-GEN-001
APP-000052-VER-4,APP-000052,BORR-000063,assets,SYNTH-VERIFY,2026-08-23,2026-08-27,VERIFIED,AST-ELG-001
APP-000052-VER-5,APP-000052,BORR-000063,flood_determination,SYNTH-VERIFY,2026-08-23,2026-08-27,X,PRP-ELG-004
APP-000053-VER-1,APP-000053,BORR-000064,identity,SYNTH-VERIFY,2026-06-13,2026-06-17,VERIFIED,KYC-IDV-001
APP-000053-VER-2,APP-000053,BORR-000064,employment,SYNTH-VERIFY,2026-06-13,2026-06-17,VERIFIED,EMP-VER-001
APP-000053-VER-3,APP-000053,BORR-000064,income,SYNTH-VERIFY,2026-06-13,2026-06-17,VERIFIED,INC-GEN-001
APP-000053-VER-4,APP-000053,BORR-000064,assets,SYNTH-VERIFY,2026-06-13,2026-06-17,VERIFIED,AST-ELG-001
APP-000053-VER-5,APP-000053,BORR-000064,flood_determination,SYNTH-VERIFY,2026-06-13,2026-06-17,X,PRP-ELG-004
APP-000054-VER-1,APP-000054,BORR-000065,identity,SYNTH-VERIFY,2026-07-31,2026-08-04,VERIFIED,KYC-IDV-001
APP-000054-VER-2,APP-000054,BORR-000065,employment,SYNTH-VERIFY,2026-07-31,2026-08-04,VERIFIED,EMP-VER-001
APP-000054-VER-3,APP-000054,BORR-000065,income,SYNTH-VERIFY,2026-07-31,2026-08-04,VERIFIED,INC-GEN-001
APP-000054-VER-4,APP-000054,BORR-000065,assets,SYNTH-VERIFY,2026-07-31,2026-08-04,VERIFIED,AST-ELG-001
APP-000054-VER-5,APP-000054,BORR-000065,flood_determination,SYNTH-VERIFY,2026-07-31,2026-08-04,X,PRP-ELG-004
APP-000055-VER-1,APP-000055,BORR-000066,identity,SYNTH-VERIFY,2026-06-13,2026-06-17,VERIFIED,KYC-IDV-001
APP-000055-VER-2,APP-000055,BORR-000066,employment,SYNTH-VERIFY,2026-06-13,2026-06-17,VERIFIED,EMP-VER-001
APP-000055-VER-3,APP-000055,BORR-000066,income,SYNTH-VERIFY,2026-06-13,2026-06-17,VERIFIED,INC-GEN-001
APP-000055-VER-4,APP-000055,BORR-000066,assets,SYNTH-VERIFY,2026-06-13,2026-06-17,VERIFIED,AST-ELG-001
APP-000055-VER-5,APP-000055,BORR-000066,flood_determination,SYNTH-VERIFY,2026-06-13,2026-06-17,X,PRP-ELG-004
APP-000056-VER-1,APP-000056,BORR-000067,identity,SYNTH-VERIFY,2026-06-26,2026-06-30,VERIFIED,KYC-IDV-001
APP-000056-VER-2,APP-000056,BORR-000067,employment,SYNTH-VERIFY,2026-06-26,2026-06-30,VERIFIED,EMP-VER-001
APP-000056-VER-3,APP-000056,BORR-000067,income,SYNTH-VERIFY,2026-06-26,2026-06-30,VERIFIED,INC-GEN-001
APP-000056-VER-4,APP-000056,BORR-000067,assets,SYNTH-VERIFY,2026-06-26,2026-06-30,VERIFIED,AST-ELG-001
APP-000056-VER-5,APP-000056,BORR-000067,flood_determination,SYNTH-VERIFY,2026-06-26,2026-06-30,X,PRP-ELG-004
APP-000057-VER-1,APP-000057,BORR-000068,identity,SYNTH-VERIFY,2026-06-26,2026-06-30,VERIFIED,KYC-IDV-001
APP-000057-VER-2,APP-000057,BORR-000068,employment,SYNTH-VERIFY,2026-06-26,2026-06-30,VERIFIED,EMP-VER-001
APP-000057-VER-3,APP-000057,BORR-000068,income,SYNTH-VERIFY,2026-06-26,2026-06-30,VERIFIED,INC-GEN-001
APP-000057-VER-4,APP-000057,BORR-000068,assets,SYNTH-VERIFY,2026-06-26,2026-06-30,VERIFIED,AST-ELG-001
APP-000057-VER-5,APP-000057,BORR-000068,flood_determination,SYNTH-VERIFY,2026-06-26,2026-06-30,X,PRP-ELG-004
APP-000058-VER-1,APP-000058,BORR-000070,identity,SYNTH-VERIFY,2026-08-23,2026-08-27,VERIFIED,KYC-IDV-001
APP-000058-VER-2,APP-000058,BORR-000070,employment,SYNTH-VERIFY,2026-08-23,2026-08-27,VERIFIED,EMP-VER-001
APP-000058-VER-3,APP-000058,BORR-000070,income,SYNTH-VERIFY,2026-08-23,2026-08-27,VERIFIED,INC-GEN-001
APP-000058-VER-4,APP-000058,BORR-000070,assets,SYNTH-VERIFY,2026-08-23,2026-08-27,VERIFIED,AST-ELG-001
APP-000058-VER-5,APP-000058,BORR-000070,flood_determination,SYNTH-VERIFY,2026-08-23,2026-08-27,X,PRP-ELG-004
APP-000059-VER-1,APP-000059,BORR-000071,identity,SYNTH-VERIFY,2026-08-23,2026-08-27,VERIFIED,KYC-IDV-001
APP-000059-VER-2,APP-000059,BORR-000071,employment,SYNTH-VERIFY,2026-08-23,2026-08-27,VERIFIED,EMP-VER-001
APP-000059-VER-3,APP-000059,BORR-000071,income,SYNTH-VERIFY,2026-08-23,2026-08-27,VERIFIED,INC-GEN-001
APP-000059-VER-4,APP-000059,BORR-000071,assets,SYNTH-VERIFY,2026-08-23,2026-08-27,VERIFIED,AST-ELG-001
APP-000059-VER-5,APP-000059,BORR-000071,flood_determination,SYNTH-VERIFY,2026-08-23,2026-08-27,X,PRP-ELG-004
APP-000060-VER-1,APP-000060,BORR-000072,identity,SYNTH-VERIFY,2026-07-31,2026-08-04,VERIFIED,KYC-IDV-001
APP-000060-VER-2,APP-000060,BORR-000072,employment,SYNTH-VERIFY,2026-07-31,2026-08-04,VERIFIED,EMP-VER-001
APP-000060-VER-3,APP-000060,BORR-000072,income,SYNTH-VERIFY,2026-07-31,2026-08-04,VERIFIED,INC-GEN-001
APP-000060-VER-4,APP-000060,BORR-000072,assets,SYNTH-VERIFY,2026-07-31,2026-08-04,VERIFIED,AST-ELG-001
APP-000060-VER-5,APP-000060,BORR-000072,flood_determination,SYNTH-VERIFY,2026-07-31,2026-08-04,X,PRP-ELG-004
APP-000061-VER-1,APP-000061,BORR-000073,identity,SYNTH-VERIFY,2026-07-31,2026-08-04,VERIFIED,KYC-IDV-001
APP-000061-VER-2,APP-000061,BORR-000073,employment,SYNTH-VERIFY,2026-07-31,2026-08-04,VERIFIED,EMP-VER-001
APP-000061-VER-3,APP-000061,BORR-000073,income,SYNTH-VERIFY,2026-07-31,2026-08-04,VERIFIED,INC-GEN-001
APP-000061-VER-4,APP-000061,BORR-000073,assets,SYNTH-VERIFY,2026-07-31,2026-08-04,VERIFIED,AST-ELG-001
APP-000061-VER-5,APP-000061,BORR-000073,flood_determination,SYNTH-VERIFY,2026-07-31,2026-08-04,X,PRP-ELG-004
APP-000062-VER-1,APP-000062,BORR-000075,identity,SYNTH-VERIFY,2026-07-31,2026-08-04,VERIFIED,KYC-IDV-001
APP-000062-VER-2,APP-000062,BORR-000075,employment,SYNTH-VERIFY,2026-07-31,2026-08-04,VERIFIED,EMP-VER-001
APP-000062-VER-3,APP-000062,BORR-000075,income,SYNTH-VERIFY,2026-07-31,2026-08-04,VERIFIED,INC-GEN-001
APP-000062-VER-4,APP-000062,BORR-000075,assets,SYNTH-VERIFY,2026-07-31,2026-08-04,VERIFIED,AST-ELG-001
APP-000062-VER-5,APP-000062,BORR-000075,flood_determination,SYNTH-VERIFY,2026-07-31,2026-08-04,X,PRP-ELG-004
APP-000063-VER-1,APP-000063,BORR-000001,identity,SYNTH-VERIFY,2026-08-23,2026-08-27,VERIFIED,KYC-IDV-001
APP-000063-VER-2,APP-000063,BORR-000001,employment,SYNTH-VERIFY,2026-08-23,2026-08-27,VERIFIED,EMP-VER-001
APP-000063-VER-3,APP-000063,BORR-000001,income,SYNTH-VERIFY,2026-08-23,2026-08-27,VERIFIED,INC-GEN-001
APP-000063-VER-4,APP-000063,BORR-000001,assets,SYNTH-VERIFY,2026-08-23,2026-08-27,VERIFIED,AST-ELG-001
APP-000063-VER-5,APP-000063,BORR-000001,flood_determination,SYNTH-VERIFY,2026-08-23,2026-08-27,X,PRP-ELG-004
APP-000064-VER-1,APP-000064,BORR-000011,identity,SYNTH-VERIFY,2026-08-23,2026-08-27,VERIFIED,KYC-IDV-001
APP-000064-VER-2,APP-000064,BORR-000011,employment,SYNTH-VERIFY,2026-08-23,2026-08-27,VERIFIED,EMP-VER-001
APP-000064-VER-3,APP-000064,BORR-000011,income,SYNTH-VERIFY,2026-08-23,2026-08-27,VERIFIED,INC-GEN-001
APP-000064-VER-4,APP-000064,BORR-000011,assets,SYNTH-VERIFY,2026-08-23,2026-08-27,VERIFIED,AST-ELG-001
APP-000064-VER-5,APP-000064,BORR-000011,flood_determination,SYNTH-VERIFY,2026-08-23,2026-08-27,X,PRP-ELG-004
APP-000065-VER-1,APP-000065,BORR-000077,identity,SYNTH-VERIFY,2026-07-31,2026-08-04,VERIFIED,KYC-IDV-001
APP-000065-VER-2,APP-000065,BORR-000077,employment,SYNTH-VERIFY,2026-07-31,2026-08-04,VERIFIED,EMP-VER-001
APP-000065-VER-3,APP-000065,BORR-000077,income,SYNTH-VERIFY,2026-07-31,2026-08-04,VERIFIED,INC-GEN-001
APP-000065-VER-4,APP-000065,BORR-000077,assets,SYNTH-VERIFY,2026-07-31,2026-08-04,VERIFIED,AST-ELG-001
APP-000065-VER-5,APP-000065,BORR-000077,flood_determination,SYNTH-VERIFY,2026-07-31,2026-08-04,X,PRP-ELG-004
APP-000066-VER-1,APP-000066,BORR-000079,identity,SYNTH-VERIFY,2026-07-31,2026-08-04,VERIFIED,KYC-IDV-001
APP-000066-VER-2,APP-000066,BORR-000079,employment,SYNTH-VERIFY,2026-07-31,2026-08-04,VERIFIED,EMP-VER-001
APP-000066-VER-3,APP-000066,BORR-000079,income,SYNTH-VERIFY,2026-07-31,2026-08-04,VERIFIED,INC-GEN-001
APP-000066-VER-4,APP-000066,BORR-000079,assets,SYNTH-VERIFY,2026-07-31,2026-08-04,VERIFIED,AST-ELG-001
APP-000066-VER-5,APP-000066,BORR-000079,flood_determination,SYNTH-VERIFY,2026-07-31,2026-08-04,X,PRP-ELG-004
APP-000067-VER-1,APP-000067,BORR-000080,identity,SYNTH-VERIFY,2026-07-31,2026-08-04,VERIFIED,KYC-IDV-001
APP-000067-VER-2,APP-000067,BORR-000080,employment,SYNTH-VERIFY,2026-07-31,2026-08-04,VERIFIED,EMP-VER-001
APP-000067-VER-3,APP-000067,BORR-000080,income,SYNTH-VERIFY,2026-07-31,2026-08-04,VERIFIED,INC-GEN-001
APP-000067-VER-4,APP-000067,BORR-000080,assets,SYNTH-VERIFY,2026-07-31,2026-08-04,VERIFIED,AST-ELG-001
APP-000067-VER-5,APP-000067,BORR-000080,flood_determination,SYNTH-VERIFY,2026-07-31,2026-08-04,X,PRP-ELG-004
APP-000068-VER-1,APP-000068,BORR-000081,identity,SYNTH-VERIFY,2026-07-31,2026-08-04,VERIFIED,KYC-IDV-001
APP-000068-VER-2,APP-000068,BORR-000081,employment,SYNTH-VERIFY,2026-07-31,2026-08-04,VERIFIED,EMP-VER-001
APP-000068-VER-3,APP-000068,BORR-000081,income,SYNTH-VERIFY,2026-07-31,2026-08-04,VERIFIED,INC-GEN-001
APP-000068-VER-4,APP-000068,BORR-000081,assets,SYNTH-VERIFY,2026-07-31,2026-08-04,VERIFIED,AST-ELG-001
APP-000068-VER-5,APP-000068,BORR-000081,flood_determination,SYNTH-VERIFY,2026-07-31,2026-08-04,X,PRP-ELG-004
APP-000069-VER-1,APP-000069,BORR-000082,identity,SYNTH-VERIFY,2026-07-31,2026-08-04,VERIFIED,KYC-IDV-001
APP-000069-VER-2,APP-000069,BORR-000082,employment,SYNTH-VERIFY,2026-07-31,2026-08-04,VERIFIED,EMP-VER-001
APP-000069-VER-3,APP-000069,BORR-000082,income,SYNTH-VERIFY,2026-07-31,2026-08-04,VERIFIED,INC-GEN-001
APP-000069-VER-4,APP-000069,BORR-000082,assets,SYNTH-VERIFY,2026-07-31,2026-08-04,VERIFIED,AST-ELG-001
APP-000069-VER-5,APP-000069,BORR-000082,flood_determination,SYNTH-VERIFY,2026-07-31,2026-08-04,X,PRP-ELG-004
APP-000070-VER-1,APP-000070,BORR-000083,identity,SYNTH-VERIFY,2026-07-31,2026-08-04,VERIFIED,KYC-IDV-001
APP-000070-VER-2,APP-000070,BORR-000083,employment,SYNTH-VERIFY,2026-07-31,2026-08-04,VERIFIED,EMP-VER-001
APP-000070-VER-3,APP-000070,BORR-000083,income,SYNTH-VERIFY,2026-07-31,2026-08-04,VERIFIED,INC-GEN-001
APP-000070-VER-4,APP-000070,BORR-000083,assets,SYNTH-VERIFY,2026-07-31,2026-08-04,VERIFIED,AST-ELG-001
APP-000070-VER-5,APP-000070,BORR-000083,flood_determination,SYNTH-VERIFY,2026-07-31,2026-08-04,X,PRP-ELG-004
APP-000071-VER-1,APP-000071,BORR-000084,identity,SYNTH-VERIFY,2026-07-31,2026-08-04,VERIFIED,KYC-IDV-001
APP-000071-VER-2,APP-000071,BORR-000084,employment,SYNTH-VERIFY,2026-07-31,2026-08-04,VERIFIED,EMP-VER-001
APP-000071-VER-3,APP-000071,BORR-000084,income,SYNTH-VERIFY,2026-07-31,2026-08-04,VERIFIED,INC-GEN-001
APP-000071-VER-4,APP-000071,BORR-000084,assets,SYNTH-VERIFY,2026-07-31,2026-08-04,VERIFIED,AST-ELG-001
APP-000071-VER-5,APP-000071,BORR-000084,flood_determination,SYNTH-VERIFY,2026-07-31,2026-08-04,X,PRP-ELG-004
APP-000072-VER-1,APP-000072,BORR-000086,identity,SYNTH-VERIFY,2026-07-31,2026-08-04,VERIFIED,KYC-IDV-001
APP-000072-VER-2,APP-000072,BORR-000086,employment,SYNTH-VERIFY,2026-07-31,2026-08-04,VERIFIED,EMP-VER-001
APP-000072-VER-3,APP-000072,BORR-000086,income,SYNTH-VERIFY,2026-07-31,2026-08-04,VERIFIED,INC-GEN-001
APP-000072-VER-4,APP-000072,BORR-000086,assets,SYNTH-VERIFY,2026-07-31,2026-08-04,VERIFIED,AST-ELG-001
APP-000072-VER-5,APP-000072,BORR-000086,flood_determination,SYNTH-VERIFY,2026-07-31,2026-08-04,X,PRP-ELG-004
APP-000073-VER-1,APP-000073,BORR-000087,identity,SYNTH-VERIFY,2026-07-31,2026-08-04,VERIFIED,KYC-IDV-001
APP-000073-VER-2,APP-000073,BORR-000087,employment,SYNTH-VERIFY,2026-07-31,2026-08-04,VERIFIED,EMP-VER-001
APP-000073-VER-3,APP-000073,BORR-000087,income,SYNTH-VERIFY,2026-07-31,2026-08-04,VERIFIED,INC-GEN-001
APP-000073-VER-4,APP-000073,BORR-000087,assets,SYNTH-VERIFY,2026-07-31,2026-08-04,VERIFIED,AST-ELG-001
APP-000073-VER-5,APP-000073,BORR-000087,flood_determination,SYNTH-VERIFY,2026-07-31,2026-08-04,X,PRP-ELG-004
APP-000074-VER-1,APP-000074,BORR-000089,identity,SYNTH-VERIFY,2026-07-31,2026-08-04,VERIFIED,KYC-IDV-001
APP-000074-VER-2,APP-000074,BORR-000089,employment,SYNTH-VERIFY,2026-07-31,2026-08-04,VERIFIED,EMP-VER-001
APP-000074-VER-3,APP-000074,BORR-000089,income,SYNTH-VERIFY,2026-07-31,2026-08-04,VERIFIED,INC-GEN-001
APP-000074-VER-4,APP-000074,BORR-000089,assets,SYNTH-VERIFY,2026-07-31,2026-08-04,VERIFIED,AST-ELG-001
APP-000074-VER-5,APP-000074,BORR-000089,flood_determination,SYNTH-VERIFY,2026-07-31,2026-08-04,X,PRP-ELG-004
APP-000075-VER-1,APP-000075,BORR-000090,identity,SYNTH-VERIFY,2026-07-31,2026-08-04,VERIFIED,KYC-IDV-001
APP-000075-VER-2,APP-000075,BORR-000090,employment,SYNTH-VERIFY,2026-07-31,2026-08-04,VERIFIED,EMP-VER-001
APP-000075-VER-3,APP-000075,BORR-000090,income,SYNTH-VERIFY,2026-07-31,2026-08-04,VERIFIED,INC-GEN-001
APP-000075-VER-4,APP-000075,BORR-000090,assets,SYNTH-VERIFY,2026-07-31,2026-08-04,VERIFIED,AST-ELG-001
APP-000075-VER-5,APP-000075,BORR-000090,flood_determination,SYNTH-VERIFY,2026-07-31,2026-08-04,X,PRP-ELG-004
