credit_account_id,application_id,borrower_id,liability_id,account_type,creditor,balance,credit_limit,monthly_payment,opened_date,account_status,lates_30d_24m,lates_60d_24m,lates_90d_24m,dispute_flag
APP-000001-TRD-01,APP-000001,BORR-000001,APP-000001-LIA-01,auto_loan,Northwind Card Services,3546.13,0,84.90,2022-07-14,open,0,0,0,false
APP-000001-TRD-02,APP-000001,BORR-000001,APP-000001-LIA-02,student_loan,Summit Education Lending,4763.46,0,64.92,2025-06-24,open,0,0,0,false
APP-000001-TRD-03,APP-000001,BORR-000001,APP-000001-LIA-03,revolving_credit_card,Northwind Card Services,1997.67,7134.54,59.93,2021-02-02,open,0,0,0,false
APP-000001-TRD-04,APP-000001,BORR-000001,APP-000001-LIA-04,installment_personal,Harborline Retail Credit,1294.35,0,39.96,2018-09-15,open,0,0,0,false
APP-000002-TRD-01,APP-000002,BORR-000002,APP-000002-LIA-01,auto_loan,Harborline Retail Credit,14770.94,0,353.64,2018-07-10,open,0,0,0,false
APP-000002-TRD-02,APP-000002,BORR-000002,APP-000002-LIA-02,student_loan,Harborline Retail Credit,19842.62,0,270.43,2023-12-04,open,0,0,0,false
APP-000002-TRD-03,APP-000002,BORR-000002,APP-000002-LIA-03,revolving_credit_card,Pinnacle Auto Finance,8321.00,29717.86,249.63,2019-06-12,open,0,0,0,false
APP-000002-TRD-04,APP-000002,BORR-000002,APP-000002-LIA-04,installment_personal,Northwind Card Services,5390.23,0,166.41,2020-11-07,open,0,0,0,false
APP-000003-TRD-01,APP-000003,BORR-000003,APP-000003-LIA-01,auto_loan,Summit Education Lending,7993.62,0,191.38,2021-07-14,open,0,0,0,false
APP-000003-TRD-02,APP-000003,BORR-000003,APP-000003-LIA-02,student_loan,Pinnacle Auto Finance,10738.34,0,146.35,2022-07-07,open,0,0,0,false
APP-000003-TRD-03,APP-000003,BORR-000003,APP-000003-LIA-03,revolving_credit_card,Sablefield Mortgage Servicing,4503.00,16082.14,135.09,2023-07-16,open,0,0,0,false
APP-000003-TRD-04,APP-000003,BORR-000003,APP-000003-LIA-04,installment_personal,Summit Education Lending,2917.16,0,90.06,2020-07-01,open,0,0,0,false
APP-000004-TRD-01,APP-000004,BORR-000004,APP-000004-LIA-01,auto_loan,Northwind Card Services,21322.30,0,510.49,2020-03-10,open,0,0,0,false
APP-000004-TRD-02,APP-000004,BORR-000004,APP-000004-LIA-02,student_loan,Harborline Retail Credit,28643.14,0,390.37,2021-09-28,open,0,0,0,false
APP-000004-TRD-03,APP-000004,BORR-000004,APP-000004-LIA-03,revolving_credit_card,Harborline Retail Credit,12011.33,42897.61,360.34,2024-11-24,open,0,0,0,false
APP-000004-TRD-04,APP-000004,BORR-000004,APP-000004-LIA-04,installment_personal,Pinnacle Auto Finance,7781.35,0,240.23,2025-03-26,open,0,0,0,false
APP-000005-TRD-01,APP-000005,BORR-000005,APP-000005-LIA-01,auto_loan,Harborline Retail Credit,18955.70,0,453.83,2024-07-13,open,0,0,0,false
APP-000005-TRD-02,APP-000005,BORR-000005,APP-000005-LIA-02,student_loan,Cascade Personal Loans,25464.57,0,347.05,2021-01-18,open,0,0,0,false
APP-000005-TRD-03,APP-000005,BORR-000005,APP-000005-LIA-03,revolving_credit_card,Pinnacle Auto Finance,10678.33,38136.89,320.35,2025-01-02,open,0,0,0,false
APP-000005-TRD-04,APP-000005,BORR-000005,APP-000005-LIA-04,installment_personal,Cascade Personal Loans,6917.80,0,213.57,2018-04-02,open,0,0,0,false
APP-000006-TRD-01,APP-000006,BORR-000007,APP-000006-LIA-01,auto_loan,Pinnacle Auto Finance,7690.80,0,184.13,2019-05-04,open,0,0,0,false
APP-000006-TRD-02,APP-000006,BORR-000007,APP-000006-LIA-02,student_loan,Cascade Personal Loans,10331.84,0,140.81,2020-09-07,open,0,0,0,false
APP-000006-TRD-03,APP-000006,BORR-000007,APP-000006-LIA-03,revolving_credit_card,Harborline Retail Credit,4332.67,15473.82,129.98,2019-04-03,open,0,0,0,false
APP-000006-TRD-04,APP-000006,BORR-000007,APP-000006-LIA-04,installment_personal,Pinnacle Auto Finance,2806.70,0,86.65,2024-09-12,open,0,0,0,false
APP-000007-TRD-01,APP-000007,BORR-000008,APP-000007-LIA-01,auto_loan,Pinnacle Auto Finance,17378.12,0,416.06,2019-10-03,open,0,0,0,false
APP-000007-TRD-02,APP-000007,BORR-000008,APP-000007-LIA-02,student_loan,Cascade Personal Loans,23344.78,0,318.16,2020-05-04,open,0,0,0,false
APP-000007-TRD-03,APP-000007,BORR-000008,APP-000007-LIA-03,revolving_credit_card,Harborline Retail Credit,9789.67,34963.11,293.69,2024-05-27,open,0,0,0,false
APP-000007-TRD-04,APP-000007,BORR-000008,APP-000007-LIA-04,installment_personal,Harborline Retail Credit,6342.21,0,195.80,2022-04-11,open,0,0,0,false
APP-000008-TRD-01,APP-000008,BORR-000009,APP-000008-LIA-01,auto_loan,Cascade Personal Loans,5348.43,0,128.05,2023-08-22,open,0,0,0,false
APP-000008-TRD-02,APP-000008,BORR-000009,APP-000008-LIA-02,student_loan,Sablefield Mortgage Servicing,7184.82,0,97.92,2023-01-24,open,0,0,0,false
APP-000008-TRD-03,APP-000008,BORR-000009,APP-000008-LIA-03,revolving_credit_card,Pinnacle Auto Finance,3013.00,10760.71,90.39,2019-01-11,open,0,0,0,false
APP-000008-TRD-04,APP-000008,BORR-000009,APP-000008-LIA-04,installment_personal,Pinnacle Auto Finance,1951.90,0,60.26,2023-02-11,open,0,0,0,false
APP-000009-TRD-01,APP-000009,BORR-000010,APP-000009-LIA-01,auto_loan,Cascade Personal Loans,10314.26,0,246.94,2020-12-17,open,0,0,0,false
APP-000009-TRD-02,APP-000009,BORR-000010,APP-000009-LIA-02,student_loan,Sablefield Mortgage Servicing,13856.01,0,188.84,2020-12-17,open,0,0,0,false
APP-000009-TRD-03,APP-000009,BORR-000010,APP-000009-LIA-03,revolving_credit_card,Pinnacle Auto Finance,5810.33,20751.18,174.31,2022-07-25,open,0,0,0,false
APP-000009-TRD-04,APP-000009,BORR-000010,APP-000009-LIA-04,installment_personal,Sablefield Mortgage Servicing,3763.86,0,116.20,2024-03-09,open,0,0,0,false
APP-000010-TRD-01,APP-000010,BORR-000011,APP-000010-LIA-01,auto_loan,Cascade Personal Loans,11326.31,0,271.17,2021-08-26,open,0,0,0,false
APP-000010-TRD-02,APP-000010,BORR-000011,APP-000010-LIA-02,student_loan,Sablefield Mortgage Servicing,15215.64,0,207.37,2024-12-11,open,0,0,0,false
APP-000010-TRD-03,APP-000010,BORR-000011,APP-000010-LIA-03,revolving_credit_card,Pinnacle Auto Finance,6380.67,22788.11,191.42,2019-04-25,open,0,0,0,false
APP-000010-TRD-04,APP-000010,BORR-000011,APP-000010-LIA-04,installment_personal,Sablefield Mortgage Servicing,4133.45,0,127.61,2020-06-19,open,0,0,0,false
APP-000011-TRD-01,APP-000011,BORR-000012,APP-000011-LIA-01,auto_loan,Sablefield Mortgage Servicing,8478.13,0,202.98,2019-02-10,open,0,0,0,false
APP-000011-TRD-02,APP-000011,BORR-000012,APP-000011-LIA-02,student_loan,Northwind Card Services,11389.17,0,155.22,2024-03-25,open,0,0,0,false
APP-000011-TRD-03,APP-000011,BORR-000012,APP-000011-LIA-03,revolving_credit_card,Cascade Personal Loans,4776.00,17057.14,143.28,2019-03-04,open,0,0,0,false
APP-000011-TRD-04,APP-000011,BORR-000012,APP-000011-LIA-04,installment_personal,Cascade Personal Loans,3094.01,0,95.52,2021-02-08,open,0,0,0,false
APP-000012-TRD-01,APP-000012,BORR-000013,APP-000012-LIA-01,auto_loan,Harborline Retail Credit,11745.66,0,281.21,2022-10-26,open,0,0,0,false
APP-000012-TRD-02,APP-000012,BORR-000013,APP-000012-LIA-02,student_loan,Harborline Retail Credit,15779.15,0,215.05,2020-12-13,open,0,0,0,false
APP-000012-TRD-03,APP-000012,BORR-000013,APP-000012-LIA-03,revolving_credit_card,Northwind Card Services,6616.67,23630.96,198.50,2025-03-03,open,0,0,0,false
APP-000012-TRD-04,APP-000012,BORR-000013,APP-000012-LIA-04,installment_personal,Harborline Retail Credit,4286.66,0,132.34,2017-12-28,open,0,0,0,false
APP-000013-TRD-01,APP-000013,BORR-000014,APP-000013-LIA-01,auto_loan,Sablefield Mortgage Servicing,11210.61,0,268.40,2020-06-29,open,0,0,0,false
APP-000013-TRD-02,APP-000013,BORR-000014,APP-000013-LIA-02,student_loan,Sablefield Mortgage Servicing,15060.08,0,205.25,2018-11-30,open,0,0,0,false
APP-000013-TRD-03,APP-000013,BORR-000014,APP-000013-LIA-03,revolving_credit_card,Harborline Retail Credit,6315.33,22554.75,189.46,2019-03-15,open,0,0,0,false
APP-000013-TRD-04,APP-000013,BORR-000014,APP-000013-LIA-04,installment_personal,Harborline Retail Credit,4091.02,0,126.30,2022-04-07,open,0,0,0,false
APP-000014-TRD-01,APP-000014,BORR-000016,APP-000014-LIA-01,auto_loan,Harborline Retail Credit,17504.26,0,419.08,2025-02-03,open,0,0,0,false
APP-000014-TRD-02,APP-000014,BORR-000016,APP-000014-LIA-02,student_loan,Harborline Retail Credit,23515.01,0,320.48,2018-05-29,open,0,0,0,false
APP-000014-TRD-03,APP-000014,BORR-000016,APP-000014-LIA-03,revolving_credit_card,Cascade Personal Loans,9860.67,35216.68,295.82,2024-06-21,open,0,0,0,false
APP-000014-TRD-04,APP-000014,BORR-000016,APP-000014-LIA-04,installment_personal,Northwind Card Services,6388.20,0,197.22,2022-04-10,open,0,0,0,false
APP-000015-TRD-01,APP-000015,BORR-000017,APP-000015-LIA-01,auto_loan,Cascade Personal Loans,9295.95,0,222.56,2019-10-26,open,0,0,0,false
APP-000015-TRD-02,APP-000015,BORR-000017,APP-000015-LIA-02,student_loan,Harborline Retail Credit,12488.31,0,170.20,2024-04-26,open,0,0,0,false
APP-000015-TRD-03,APP-000015,BORR-000017,APP-000015-LIA-03,revolving_credit_card,Northwind Card Services,5236.67,18702.39,157.10,2018-10-18,open,0,0,0,false
APP-000015-TRD-04,APP-000015,BORR-000017,APP-000015-LIA-04,installment_personal,Cascade Personal Loans,3392.66,0,104.74,2022-08-13,open,0,0,0,false
APP-000016-TRD-01,APP-000016,BORR-000019,APP-000016-LIA-01,auto_loan,Sablefield Mortgage Servicing,7760.97,0,185.81,2024-09-02,open,0,0,0,false
APP-000016-TRD-02,APP-000016,BORR-000019,APP-000016-LIA-02,student_loan,Sablefield Mortgage Servicing,10425.76,0,142.09,2023-03-23,open,0,0,0,false
APP-000016-TRD-03,APP-000016,BORR-000019,APP-000016-LIA-03,revolving_credit_card,Northwind Card Services,4372.00,15614.29,131.16,2023-09-23,open,0,0,0,false
APP-000016-TRD-04,APP-000016,BORR-000019,APP-000016-LIA-04,installment_personal,Cascade Personal Loans,2831.97,0,87.43,2019-03-28,open,0,0,0,false
APP-000017-TRD-01,APP-000017,BORR-000020,APP-000017-LIA-01,auto_loan,Summit Education Lending,20782.23,0,497.56,2022-07-06,open,0,0,0,false
APP-000017-TRD-02,APP-000017,BORR-000020,APP-000017-LIA-02,student_loan,Summit Education Lending,27918.21,0,380.49,2022-02-24,open,0,0,0,false
APP-000017-TRD-03,APP-000017,BORR-000020,APP-000017-LIA-03,revolving_credit_card,Summit Education Lending,11707.33,41811.89,351.22,2018-09-18,open,0,0,0,false
APP-000017-TRD-04,APP-000017,BORR-000020,APP-000017-LIA-04,installment_personal,Cascade Personal Loans,7584.09,0,234.14,2020-03-07,open,0,0,0,false
APP-000018-TRD-01,APP-000018,BORR-000021,APP-000018-LIA-01,auto_loan,Sablefield Mortgage Servicing,12781.10,0,306.00,2021-03-22,open,0,0,0,false
APP-000018-TRD-02,APP-000018,BORR-000021,APP-000018-LIA-02,student_loan,Sablefield Mortgage Servicing,17169.60,0,234.00,2022-04-12,open,0,0,0,false
APP-000018-TRD-03,APP-000018,BORR-000021,APP-000018-LIA-03,revolving_credit_card,Pinnacle Auto Finance,7200.00,25714.29,216.00,2021-12-20,open,0,0,0,false
APP-000018-TRD-04,APP-000018,BORR-000021,APP-000018-LIA-04,installment_personal,Cascade Personal Loans,4664.67,0,144.01,2024-06-24,open,0,0,0,false
APP-000019-TRD-01,APP-000019,BORR-000022,APP-000019-LIA-01,auto_loan,Summit Education Lending,6728.87,0,161.10,2024-01-07,open,0,0,0,false
APP-000019-TRD-02,APP-000019,BORR-000022,APP-000019-LIA-02,student_loan,Sablefield Mortgage Servicing,9038.99,0,123.19,2020-02-21,open,0,0,0,false
APP-000019-TRD-03,APP-000019,BORR-000022,APP-000019-LIA-03,revolving_credit_card,Harborline Retail Credit,3790.67,13538.11,113.72,2024-01-28,open,0,0,0,false
APP-000019-TRD-04,APP-000019,BORR-000022,APP-000019-LIA-04,installment_personal,Northwind Card Services,2455.58,0,75.81,2024-07-12,open,0,0,0,false
APP-000020-TRD-01,APP-000020,BORR-000024,APP-000020-LIA-01,auto_loan,Pinnacle Auto Finance,3548.63,0,84.96,2020-01-03,open,0,0,0,false
APP-000020-TRD-02,APP-000020,BORR-000024,APP-000020-LIA-02,student_loan,Harborline Retail Credit,4767.13,0,64.97,2018-08-02,open,0,0,0,false
APP-000020-TRD-03,APP-000020,BORR-000024,APP-000020-LIA-03,revolving_credit_card,Harborline Retail Credit,1999.00,7139.29,59.97,2019-02-15,open,0,0,0,false
APP-000020-TRD-04,APP-000020,BORR-000024,APP-000020-LIA-04,installment_personal,Pinnacle Auto Finance,1295.33,0,39.99,2022-03-09,open,0,0,0,false
APP-000021-TRD-01,APP-000021,BORR-000025,APP-000021-LIA-01,auto_loan,Northwind Card Services,1651.52,0,39.54,2021-06-30,open,0,0,0,false
APP-000021-TRD-02,APP-000021,BORR-000025,APP-000021-LIA-02,student_loan,Summit Education Lending,2218.11,0,30.23,2020-04-03,open,0,0,0,false
APP-000021-TRD-03,APP-000021,BORR-000025,APP-000021-LIA-03,revolving_credit_card,Sablefield Mortgage Servicing,930.33,3322.61,27.91,2021-03-31,open,0,0,0,false
APP-000021-TRD-04,APP-000021,BORR-000025,APP-000021-LIA-04,installment_personal,Sablefield Mortgage Servicing,602.48,0,18.60,2023-08-16,open,0,0,0,false
APP-000022-TRD-01,APP-000022,BORR-000026,APP-000022-LIA-01,auto_loan,Sablefield Mortgage Servicing,9787.56,0,234.33,2023-03-14,open,0,0,0,false
APP-000022-TRD-02,APP-000022,BORR-000026,APP-000022-LIA-02,student_loan,Summit Education Lending,13147.95,0,179.19,2022-07-29,open,0,0,0,false
APP-000022-TRD-03,APP-000022,BORR-000026,APP-000022-LIA-03,revolving_credit_card,Summit Education Lending,5513.67,19691.68,165.41,2018-07-11,open,0,0,0,false
APP-000022-TRD-04,APP-000022,BORR-000026,APP-000022-LIA-04,installment_personal,Northwind Card Services,3572.11,0,110.28,2024-08-13,open,0,0,0,false
APP-000023-TRD-01,APP-000023,BORR-000028,APP-000023-LIA-01,auto_loan,Sablefield Mortgage Servicing,8892.89,0,212.91,2022-04-07,open,0,0,0,false
APP-000023-TRD-02,APP-000023,BORR-000028,APP-000023-LIA-02,student_loan,Sablefield Mortgage Servicing,11946.08,0,162.81,2021-05-26,open,0,0,0,false
APP-000023-TRD-03,APP-000023,BORR-000028,APP-000023-LIA-03,revolving_credit_card,Summit Education Lending,5009.67,17891.68,150.29,2022-04-11,open,0,0,0,false
APP-000023-TRD-04,APP-000023,BORR-000028,APP-000023-LIA-04,installment_personal,Pinnacle Auto Finance,3245.28,0,100.19,2024-06-02,open,0,0,0,false
APP-000024-TRD-01,APP-000024,BORR-000030,APP-000024-LIA-01,auto_loan,Pinnacle Auto Finance,5827.93,0,139.53,2017-11-14,open,0,0,0,false
APP-000024-TRD-02,APP-000024,BORR-000030,APP-000024-LIA-02,student_loan,Summit Education Lending,7829.04,0,106.70,2018-11-25,open,0,0,0,false
APP-000024-TRD-03,APP-000024,BORR-000030,APP-000024-LIA-03,revolving_credit_card,Sablefield Mortgage Servicing,3283.00,11725.00,98.49,2020-01-13,open,0,0,0,false
APP-000024-TRD-04,APP-000024,BORR-000030,APP-000024-LIA-04,installment_personal,Northwind Card Services,2127.13,0,65.67,2023-03-06,open,0,0,0,false
APP-000025-TRD-01,APP-000025,BORR-000031,APP-000025-LIA-01,auto_loan,Harborline Retail Credit,6777.32,0,162.26,2019-09-01,open,0,0,0,false
APP-000025-TRD-02,APP-000025,BORR-000031,APP-000025-LIA-02,student_loan,Cascade Personal Loans,9104.29,0,124.08,2023-12-18,open,0,0,0,false
APP-000025-TRD-03,APP-000025,BORR-000031,APP-000025-LIA-03,revolving_credit_card,Cascade Personal Loans,3818.00,13635.71,114.54,2024-11-08,open,0,0,0,false
APP-000025-TRD-04,APP-000025,BORR-000031,APP-000025-LIA-04,installment_personal,Cascade Personal Loans,2473.40,0,76.36,2020-08-18,open,0,0,0,false
APP-000026-TRD-01,APP-000026,BORR-000032,APP-000026-LIA-01,auto_loan,Summit Education Lending,7935.98,0,190.00,2020-04-23,open,0,0,0,false
APP-000026-TRD-02,APP-000026,BORR-000032,APP-000026-LIA-02,student_loan,Pinnacle Auto Finance,10660.56,0,145.29,2020-10-03,open,0,0,0,false
APP-000026-TRD-03,APP-000026,BORR-000032,APP-000026-LIA-03,revolving_credit_card,Pinnacle Auto Finance,4470.67,15966.68,134.12,2022-05-19,open,0,0,0,false
APP-000026-TRD-04,APP-000026,BORR-000032,APP-000026-LIA-04,installment_personal,Harborline Retail Credit,2896.10,0,89.41,2025-03-12,open,0,0,0,false
APP-000027-TRD-01,APP-000027,BORR-000033,APP-000027-LIA-01,auto_loan,Northwind Card Services,11587.36,0,277.42,2024-09-06,open,0,0,0,false
APP-000027-TRD-02,APP-000027,BORR-000033,APP-000027-LIA-02,student_loan,Harborline Retail Credit,15565.63,0,212.14,2021-05-19,open,0,0,0,false
APP-000027-TRD-03,APP-000027,BORR-000033,APP-000027-LIA-03,revolving_credit_card,Harborline Retail Credit,6527.33,23311.89,195.82,2022-07-18,open,0,0,0,false
APP-000027-TRD-04,APP-000027,BORR-000033,APP-000027-LIA-04,installment_personal,Summit Education Lending,4228.68,0,130.55,2018-07-08,open,0,0,0,false
APP-000028-TRD-01,APP-000028,BORR-000035,APP-000028-LIA-01,auto_loan,Pinnacle Auto Finance,8322.75,0,199.26,2020-03-20,open,0,0,0,false
APP-000028-TRD-02,APP-000028,BORR-000035,APP-000028-LIA-02,student_loan,Sablefield Mortgage Servicing,11180.78,0,152.38,2021-04-15,open,0,0,0,false
APP-000028-TRD-03,APP-000028,BORR-000035,APP-000028-LIA-03,revolving_credit_card,Northwind Card Services,4688.67,16745.25,140.66,2023-05-10,open,0,0,0,false
APP-000028-TRD-04,APP-000028,BORR-000035,APP-000028-LIA-04,installment_personal,Pinnacle Auto Finance,3037.33,0,93.77,2023-04-28,open,0,0,0,false
APP-000029-TRD-01,APP-000029,BORR-000036,APP-000029-LIA-01,auto_loan,Northwind Card Services,11188.47,0,267.87,2024-12-02,open,0,0,0,false
APP-000029-TRD-02,APP-000029,BORR-000036,APP-000029-LIA-02,student_loan,Summit Education Lending,15030.00,0,204.84,2021-10-24,open,0,0,0,false
APP-000029-TRD-03,APP-000029,BORR-000036,APP-000029-LIA-03,revolving_credit_card,Cascade Personal Loans,6302.67,22509.54,189.08,2021-10-14,open,0,0,0,false
APP-000029-TRD-04,APP-000029,BORR-000036,APP-000029-LIA-04,installment_personal,Pinnacle Auto Finance,4083.24,0,126.06,2023-02-20,open,0,0,0,false
APP-000030-TRD-01,APP-000030,BORR-000037,APP-000030-LIA-01,auto_loan,Northwind Card Services,13589.31,0,325.35,2021-09-21,open,0,0,0,false
APP-000030-TRD-02,APP-000030,BORR-000037,APP-000030-LIA-02,student_loan,Pinnacle Auto Finance,18254.80,0,248.79,2024-02-28,open,0,0,0,false
APP-000030-TRD-03,APP-000030,BORR-000037,APP-000030-LIA-03,revolving_credit_card,Summit Education Lending,7655.33,27340.46,229.66,2018-08-10,open,0,0,0,false
APP-000030-TRD-04,APP-000030,BORR-000037,APP-000030-LIA-04,installment_personal,Sablefield Mortgage Servicing,4959.10,0,153.10,2018-12-08,open,0,0,0,false
APP-000031-TRD-01,APP-000031,BORR-000038,APP-000031-LIA-01,auto_loan,Summit Education Lending,17137.11,0,410.29,2025-06-17,open,1,0,0,false
APP-000031-TRD-02,APP-000031,BORR-000038,APP-000031-LIA-02,student_loan,Harborline Retail Credit,23021.20,0,313.75,2020-11-26,open,1,0,0,false
APP-000031-TRD-03,APP-000031,BORR-000038,APP-000031-LIA-03,revolving_credit_card,Sablefield Mortgage Servicing,9654.00,11492.86,289.62,2018-06-08,open,1,0,0,false
APP-000031-TRD-04,APP-000031,BORR-000038,APP-000031-LIA-04,installment_personal,Pinnacle Auto Finance,6254.10,0,193.08,2019-12-30,open,1,0,0,false
APP-000032-TRD-01,APP-000032,BORR-000039,APP-000032-LIA-01,auto_loan,Sablefield Mortgage Servicing,12154.57,0,291.00,2023-06-23,open,0,0,0,false
APP-000032-TRD-02,APP-000032,BORR-000039,APP-000032-LIA-02,student_loan,Cascade Personal Loans,16327.99,0,222.53,2024-02-28,open,0,0,0,false
APP-000032-TRD-03,APP-000032,BORR-000039,APP-000032-LIA-03,revolving_credit_card,Pinnacle Auto Finance,6847.00,24453.57,205.41,2018-06-25,open,0,0,0,false
APP-000032-TRD-04,APP-000032,BORR-000039,APP-000032-LIA-04,installment_personal,Pinnacle Auto Finance,4435.66,0,136.94,2018-05-28,open,0,0,0,false
APP-000032-TRD-COL,APP-000032,BORR-000039,,collection,Cascade Personal Loans,7400.00,0,0,2023-03-23,collection,0,0,0,false
APP-000033-TRD-01,APP-000033,BORR-000040,APP-000033-LIA-01,auto_loan,Pinnacle Auto Finance,10790.00,0,258.33,2023-12-22,open,0,0,0,false
APP-000033-TRD-02,APP-000033,BORR-000040,APP-000033-LIA-02,student_loan,Sablefield Mortgage Servicing,14494.37,0,197.54,2019-10-27,open,0,0,0,false
APP-000033-TRD-03,APP-000033,BORR-000040,APP-000033-LIA-03,revolving_credit_card,Harborline Retail Credit,6078.33,21708.32,182.35,2024-07-27,open,0,0,0,false
APP-000033-TRD-04,APP-000033,BORR-000040,APP-000033-LIA-04,installment_personal,Northwind Card Services,3937.48,0,121.56,2020-06-02,open,0,0,0,false
APP-000034-TRD-01,APP-000034,BORR-000041,APP-000034-LIA-01,auto_loan,Summit Education Lending,3887.79,0,93.08,2019-08-30,open,0,0,0,false
APP-000034-TRD-02,APP-000034,BORR-000041,APP-000034-LIA-02,student_loan,Northwind Card Services,5222.79,0,71.18,2022-12-28,open,0,0,0,false
APP-000034-TRD-03,APP-000034,BORR-000041,APP-000034-LIA-03,revolving_credit_card,Summit Education Lending,2190.00,7821.43,65.70,2025-03-21,open,0,0,0,false
APP-000034-TRD-04,APP-000034,BORR-000041,APP-000034-LIA-04,installment_personal,Northwind Card Services,1418.74,0,43.80,2024-06-18,open,0,0,0,false
APP-000035-TRD-01,APP-000035,BORR-000042,APP-000035-LIA-01,auto_loan,Pinnacle Auto Finance,18193.02,0,435.57,2023-04-08,open,0,0,0,false
APP-000035-TRD-02,APP-000035,BORR-000042,APP-000035-LIA-02,student_loan,Harborline Retail Credit,24439.53,0,333.08,2021-12-09,open,0,0,0,false
APP-000035-TRD-03,APP-000035,BORR-000042,APP-000035-LIA-03,revolving_credit_card,Summit Education Lending,10248.67,36602.39,307.46,2020-11-07,open,0,0,0,false
APP-000035-TRD-04,APP-000035,BORR-000042,APP-000035-LIA-04,installment_personal,Harborline Retail Credit,6639.24,0,204.97,2025-03-16,open,0,0,0,false
APP-000036-TRD-01,APP-000036,BORR-000043,APP-000036-LIA-01,auto_loan,Harborline Retail Credit,12591.05,0,301.45,2018-11-01,open,0,0,0,false
APP-000036-TRD-02,APP-000036,BORR-000043,APP-000036-LIA-02,student_loan,Northwind Card Services,16914.25,0,230.52,2024-03-02,open,0,0,0,false
APP-000036-TRD-03,APP-000036,BORR-000043,APP-000036-LIA-03,revolving_credit_card,Summit Education Lending,7093.00,25332.14,212.79,2023-06-07,open,0,0,0,false
APP-000036-TRD-04,APP-000036,BORR-000043,APP-000036-LIA-04,installment_personal,Sablefield Mortgage Servicing,4595.35,0,141.87,2017-12-25,open,0,0,0,false
APP-000037-TRD-01,APP-000037,BORR-000045,APP-000037-LIA-01,auto_loan,Pinnacle Auto Finance,8151.92,0,195.17,2021-07-11,open,0,0,0,false
APP-000037-TRD-02,APP-000037,BORR-000045,APP-000037-LIA-02,student_loan,Sablefield Mortgage Servicing,10951.12,0,149.25,2022-10-01,open,0,0,0,false
APP-000037-TRD-03,APP-000037,BORR-000045,APP-000037-LIA-03,revolving_credit_card,Cascade Personal Loans,4592.33,16401.18,137.77,2018-02-06,open,0,0,0,false
APP-000037-TRD-04,APP-000037,BORR-000045,APP-000037-LIA-04,installment_personal,Summit Education Lending,2975.14,0,91.85,2022-10-20,open,0,0,0,false
APP-000038-TRD-01,APP-000038,BORR-000046,APP-000038-LIA-01,auto_loan,Sablefield Mortgage Servicing,7146.14,0,171.09,2021-08-20,open,0,0,0,false
APP-000038-TRD-02,APP-000038,BORR-000046,APP-000038-LIA-02,student_loan,Harborline Retail Credit,9599.57,0,130.83,2018-06-01,open,0,0,0,false
APP-000038-TRD-03,APP-000038,BORR-000046,APP-000038-LIA-03,revolving_credit_card,Summit Education Lending,4025.67,14377.39,120.77,2018-03-17,open,0,0,0,false
APP-000038-TRD-04,APP-000038,BORR-000046,APP-000038-LIA-04,installment_personal,Harborline Retail Credit,2608.14,0,80.52,2025-05-20,open,0,0,0,false
APP-000039-TRD-01,APP-000039,BORR-000047,APP-000039-LIA-01,auto_loan,Sablefield Mortgage Servicing,9903.68,0,237.11,2023-01-12,open,0,0,0,false
APP-000039-TRD-02,APP-000039,BORR-000047,APP-000039-LIA-02,student_loan,Summit Education Lending,13304.24,0,181.32,2018-10-19,open,0,0,0,false
APP-000039-TRD-03,APP-000039,BORR-000047,APP-000039-LIA-03,revolving_credit_card,Sablefield Mortgage Servicing,5579.00,19925.00,167.37,2019-02-18,open,0,0,0,false
APP-000039-TRD-04,APP-000039,BORR-000047,APP-000039-LIA-04,installment_personal,Cascade Personal Loans,3614.54,0,111.59,2020-10-15,open,0,0,0,false
APP-000040-TRD-01,APP-000040,BORR-000048,APP-000040-LIA-01,auto_loan,Harborline Retail Credit,10391.53,0,248.79,2020-08-04,open,0,0,0,false
APP-000040-TRD-02,APP-000040,BORR-000048,APP-000040-LIA-02,student_loan,Summit Education Lending,13959.47,0,190.25,2024-03-08,open,0,0,0,false
APP-000040-TRD-03,APP-000040,BORR-000048,APP-000040-LIA-03,revolving_credit_card,Northwind Card Services,5854.00,20907.14,175.62,2020-07-14,open,0,0,0,false
APP-000040-TRD-04,APP-000040,BORR-000048,APP-000040-LIA-04,installment_personal,Northwind Card Services,3792.04,0,117.07,2020-12-20,open,0,0,0,false
APP-000041-TRD-01,APP-000041,BORR-000049,APP-000041-LIA-01,auto_loan,Cascade Personal Loans,14407.97,0,344.95,2022-08-18,open,0,0,0,false
APP-000041-TRD-02,APP-000041,BORR-000049,APP-000041-LIA-02,student_loan,Cascade Personal Loans,19354.69,0,263.78,2021-12-02,open,0,0,0,false
APP-000041-TRD-03,APP-000041,BORR-000049,APP-000041-LIA-03,revolving_credit_card,Northwind Card Services,8116.33,28986.89,243.49,2019-05-27,open,0,0,0,false
APP-000041-TRD-04,APP-000041,BORR-000049,APP-000041-LIA-04,installment_personal,Harborline Retail Credit,5258.07,0,162.33,2020-12-21,open,0,0,0,false
APP-000042-TRD-01,APP-000042,BORR-000050,APP-000042-LIA-01,auto_loan,Northwind Card Services,12470.76,0,298.57,2019-09-17,open,0,0,0,false
APP-000042-TRD-02,APP-000042,BORR-000050,APP-000042-LIA-02,student_loan,Pinnacle Auto Finance,16752.83,0,228.32,2022-02-20,open,0,0,0,false
APP-000042-TRD-03,APP-000042,BORR-000050,APP-000042-LIA-03,revolving_credit_card,Pinnacle Auto Finance,7025.33,25090.46,210.76,2017-12-13,open,0,0,0,false
APP-000042-TRD-04,APP-000042,BORR-000050,APP-000042-LIA-04,installment_personal,Sablefield Mortgage Servicing,4551.30,0,140.51,2018-07-24,open,0,0,0,false
APP-000043-TRD-01,APP-000043,BORR-000051,APP-000043-LIA-01,auto_loan,Northwind Card Services,12821.20,0,306.96,2022-01-20,open,0,0,0,false
APP-000043-TRD-02,APP-000043,BORR-000051,APP-000043-LIA-02,student_loan,Pinnacle Auto Finance,17223.89,0,234.74,2022-01-11,open,0,0,0,false
APP-000043-TRD-03,APP-000043,BORR-000051,APP-000043-LIA-03,revolving_credit_card,Cascade Personal Loans,7222.67,25795.25,216.68,2017-12-07,open,0,0,0,false
APP-000043-TRD-04,APP-000043,BORR-000051,APP-000043-LIA-04,installment_personal,Cascade Personal Loans,4678.92,0,144.45,2020-10-07,open,0,0,0,false
APP-000044-TRD-01,APP-000044,BORR-000052,APP-000044-LIA-01,auto_loan,Northwind Card Services,3452.15,0,82.65,2021-04-13,open,0,0,0,false
APP-000044-TRD-02,APP-000044,BORR-000052,APP-000044-LIA-02,student_loan,Cascade Personal Loans,4637.26,0,63.20,2022-09-01,open,0,0,0,false
APP-000044-TRD-03,APP-000044,BORR-000052,APP-000044-LIA-03,revolving_credit_card,Sablefield Mortgage Servicing,1944.67,6945.25,58.34,2025-05-21,open,0,0,0,false
APP-000044-TRD-04,APP-000044,BORR-000052,APP-000044-LIA-04,installment_personal,Pinnacle Auto Finance,1259.70,0,38.89,2024-05-28,open,0,0,0,false
APP-000045-TRD-01,APP-000045,BORR-000053,APP-000045-LIA-01,auto_loan,Cascade Personal Loans,6751.43,0,161.64,2023-11-17,open,0,0,0,false
APP-000045-TRD-02,APP-000045,BORR-000053,APP-000045-LIA-02,student_loan,Pinnacle Auto Finance,9069.07,0,123.60,2021-08-25,open,0,0,0,false
APP-000045-TRD-03,APP-000045,BORR-000053,APP-000045-LIA-03,revolving_credit_card,Cascade Personal Loans,3803.33,13583.32,114.10,2020-08-13,open,0,0,0,false
APP-000045-TRD-04,APP-000045,BORR-000053,APP-000045-LIA-04,installment_personal,Northwind Card Services,2463.68,0,76.06,2023-03-23,open,0,0,0,false
APP-000046-TRD-01,APP-000046,BORR-000055,APP-000046-LIA-01,auto_loan,Summit Education Lending,8310.22,0,198.96,2018-01-08,open,0,0,0,false
APP-000046-TRD-02,APP-000046,BORR-000055,APP-000046-LIA-02,student_loan,Pinnacle Auto Finance,11163.17,0,152.14,2022-04-03,open,0,0,0,false
APP-000046-TRD-03,APP-000046,BORR-000055,APP-000046-LIA-03,revolving_credit_card,Pinnacle Auto Finance,4681.33,16719.04,140.44,2019-11-30,open,0,0,0,false
APP-000046-TRD-04,APP-000046,BORR-000055,APP-000046-LIA-04,installment_personal,Summit Education Lending,3032.79,0,93.63,2021-01-08,open,0,0,0,false
APP-000047-TRD-01,APP-000047,BORR-000056,APP-000047-LIA-01,auto_loan,Harborline Retail Credit,6240.60,0,149.41,2019-05-12,open,0,0,0,false
APP-000047-TRD-02,APP-000047,BORR-000056,APP-000047-LIA-02,student_loan,Harborline Retail Credit,8383.02,0,114.25,2019-09-24,open,0,0,0,false
APP-000047-TRD-03,APP-000047,BORR-000056,APP-000047-LIA-03,revolving_credit_card,Cascade Personal Loans,3515.33,12554.75,105.46,2025-04-29,open,0,0,0,false
APP-000047-TRD-04,APP-000047,BORR-000056,APP-000047-LIA-04,installment_personal,Summit Education Lending,2277.43,0,70.31,2021-02-21,open,0,0,0,false
APP-000048-TRD-01,APP-000048,BORR-000058,APP-000048-LIA-01,auto_loan,Harborline Retail Credit,13423.08,0,321.37,2019-05-04,open,0,0,0,false
APP-000048-TRD-02,APP-000048,BORR-000058,APP-000048-LIA-02,student_loan,Sablefield Mortgage Servicing,18031.75,0,245.75,2020-09-10,open,0,0,0,false
APP-000048-TRD-03,APP-000048,BORR-000058,APP-000048-LIA-03,revolving_credit_card,Harborline Retail Credit,7561.67,27005.96,226.85,2022-03-19,open,0,0,0,false
APP-000048-TRD-04,APP-000048,BORR-000058,APP-000048-LIA-04,installment_personal,Sablefield Mortgage Servicing,4898.85,0,151.24,2018-10-14,open,0,0,0,false
APP-000049-TRD-01,APP-000049,BORR-000059,APP-000049-LIA-01,auto_loan,Summit Education Lending,2734.57,0,65.47,2018-10-08,open,0,0,0,false
APP-000049-TRD-02,APP-000049,BORR-000059,APP-000049-LIA-02,student_loan,Harborline Retail Credit,3673.85,0,50.07,2020-02-09,open,0,0,0,false
APP-000049-TRD-03,APP-000049,BORR-000059,APP-000049-LIA-03,revolving_credit_card,Pinnacle Auto Finance,1540.67,5502.39,46.22,2022-04-08,open,0,0,0,false
APP-000049-TRD-04,APP-000049,BORR-000059,APP-000049-LIA-04,installment_personal,Pinnacle Auto Finance,997.97,0,30.81,2021-01-05,open,0,0,0,false
APP-000050-TRD-01,APP-000050,BORR-000060,APP-000050-LIA-01,auto_loan,Sablefield Mortgage Servicing,14544.14,0,348.21,2021-11-10,open,0,0,0,false
APP-000050-TRD-02,APP-000050,BORR-000060,APP-000050-LIA-02,student_loan,Harborline Retail Credit,19538.12,0,266.28,2023-01-23,open,0,0,0,false
APP-000050-TRD-03,APP-000050,BORR-000060,APP-000050-LIA-03,revolving_credit_card,Northwind Card Services,8193.33,29261.89,245.80,2024-07-25,open,0,0,0,false
APP-000050-TRD-04,APP-000050,BORR-000060,APP-000050-LIA-04,installment_personal,Harborline Retail Credit,5307.63,0,163.86,2018-11-22,open,0,0,0,false
APP-000051-TRD-01,APP-000051,BORR-000062,APP-000051-LIA-01,auto_loan,Pinnacle Auto Finance,9267.97,0,221.89,2024-01-06,open,0,0,0,false
APP-000051-TRD-02,APP-000051,BORR-000062,APP-000051-LIA-02,student_loan,Northwind Card Services,12450.16,0,169.68,2023-12-15,open,0,0,0,false
APP-000051-TRD-03,APP-000051,BORR-000062,APP-000051-LIA-03,revolving_credit_card,Cascade Personal Loans,5221.00,18646.43,156.63,2024-07-06,open,0,0,0,false
APP-000051-TRD-04,APP-000051,BORR-000062,APP-000051-LIA-04,installment_personal,Pinnacle Auto Finance,3381.97,0,104.41,2023-04-15,open,0,0,0,false
APP-000052-TRD-01,APP-000052,BORR-000063,APP-000052-LIA-01,auto_loan,Sablefield Mortgage Servicing,2648.11,0,63.40,2024-10-31,open,0,0,0,false
APP-000052-TRD-02,APP-000052,BORR-000063,APP-000052-LIA-02,student_loan,Harborline Retail Credit,3557.19,0,48.48,2024-11-02,open,0,0,0,false
APP-000052-TRD-03,APP-000052,BORR-000063,APP-000052-LIA-03,revolving_credit_card,Harborline Retail Credit,1491.67,5327.39,44.75,2020-03-01,open,0,0,0,false
APP-000052-TRD-04,APP-000052,BORR-000063,APP-000052-LIA-04,installment_personal,Northwind Card Services,966.23,0,29.83,2025-02-03,open,0,0,0,false
APP-000053-TRD-01,APP-000053,BORR-000064,APP-000053-LIA-01,auto_loan,Northwind Card Services,3223.68,0,77.18,2024-07-28,open,0,0,0,false
APP-000053-TRD-02,APP-000053,BORR-000064,APP-000053-LIA-02,student_loan,Cascade Personal Loans,4330.55,0,59.02,2022-04-09,open,0,0,0,false
APP-000053-TRD-03,APP-000053,BORR-000064,APP-000053-LIA-03,revolving_credit_card,Cascade Personal Loans,1816.00,6485.71,54.48,2024-04-12,open,0,0,0,false
APP-000053-TRD-04,APP-000053,BORR-000064,APP-000053-LIA-04,installment_personal,Pinnacle Auto Finance,1176.77,0,36.33,2022-05-02,open,0,0,0,false
APP-000054-TRD-01,APP-000054,BORR-000065,APP-000054-LIA-01,auto_loan,Summit Education Lending,7117.32,0,170.40,2025-05-02,open,0,0,0,false
APP-000054-TRD-02,APP-000054,BORR-000065,APP-000054-LIA-02,student_loan,Harborline Retail Credit,9560.68,0,130.30,2020-05-18,open,0,0,0,false
APP-000054-TRD-03,APP-000054,BORR-000065,APP-000054-LIA-03,revolving_credit_card,Cascade Personal Loans,4009.33,14319.04,120.28,2019-05-09,open,0,0,0,false
APP-000054-TRD-04,APP-000054,BORR-000065,APP-000054-LIA-04,installment_personal,Summit Education Lending,2597.46,0,80.19,2021-09-02,open,0,0,0,false
APP-000055-TRD-01,APP-000055,BORR-000066,APP-000055-LIA-01,auto_loan,Sablefield Mortgage Servicing,21253.38,0,508.84,2021-10-15,open,0,0,0,false
APP-000055-TRD-02,APP-000055,BORR-000066,APP-000055-LIA-02,student_loan,Pinnacle Auto Finance,28550.69,0,389.11,2021-06-18,open,0,0,0,false
APP-000055-TRD-03,APP-000055,BORR-000066,APP-000055-LIA-03,revolving_credit_card,Cascade Personal Loans,11972.67,42759.54,359.18,2020-09-15,open,0,0,0,false
APP-000055-TRD-04,APP-000055,BORR-000066,APP-000055-LIA-04,installment_personal,Cascade Personal Loans,7756.09,0,239.45,2023-11-26,open,0,0,0,false
APP-000056-TRD-01,APP-000056,BORR-000067,APP-000056-LIA-01,auto_loan,Summit Education Lending,23253.24,0,556.72,2020-04-02,open,0,0,0,false
APP-000056-TRD-02,APP-000056,BORR-000067,APP-000056-LIA-02,student_loan,Sablefield Mortgage Servicing,31237.66,0,425.73,2023-05-09,open,0,0,0,false
APP-000056-TRD-03,APP-000056,BORR-000067,APP-000056-LIA-03,revolving_credit_card,Summit Education Lending,13099.33,46783.32,392.98,2025-01-16,open,0,0,0,false
APP-000056-TRD-04,APP-000056,BORR-000067,APP-000056-LIA-04,installment_personal,Northwind Card Services,8485.86,0,261.98,2019-01-25,open,0,0,0,false
APP-000057-TRD-01,APP-000057,BORR-000068,APP-000057-LIA-01,auto_loan,Harborline Retail Credit,16346.02,0,391.35,2022-05-07,open,0,0,0,false
APP-000057-TRD-02,APP-000057,BORR-000068,APP-000057-LIA-02,student_loan,Northwind Card Services,21958.74,0,299.27,2022-04-25,open,0,0,0,false
APP-000057-TRD-03,APP-000057,BORR-000068,APP-000057-LIA-03,revolving_credit_card,Harborline Retail Credit,9208.33,32886.89,276.25,2022-11-03,open,0,0,0,false
APP-000057-TRD-04,APP-000057,BORR-000068,APP-000057-LIA-04,installment_personal,Sablefield Mortgage Servicing,5965.50,0,184.17,2019-08-03,open,0,0,0,false
APP-000058-TRD-01,APP-000058,BORR-000070,APP-000058-LIA-01,auto_loan,Pinnacle Auto Finance,18158.77,0,434.75,2023-12-20,open,0,0,0,false
APP-000058-TRD-02,APP-000058,BORR-000070,APP-000058-LIA-02,student_loan,Summit Education Lending,24394.04,0,332.46,2018-11-27,open,0,0,0,false
APP-000058-TRD-03,APP-000058,BORR-000070,APP-000058-LIA-03,revolving_credit_card,Northwind Card Services,10229.67,36534.54,306.89,2024-02-05,open,0,0,0,false
APP-000058-TRD-04,APP-000058,BORR-000070,APP-000058-LIA-04,installment_personal,Pinnacle Auto Finance,6626.93,0,204.59,2019-10-14,open,0,0,0,false
APP-000059-TRD-01,APP-000059,BORR-000071,APP-000059-LIA-01,auto_loan,Harborline Retail Credit,15875.29,0,380.08,2022-12-30,open,0,0,0,false
APP-000059-TRD-02,APP-000059,BORR-000071,APP-000059-LIA-02,student_loan,Northwind Card Services,21326.25,0,290.65,2021-09-16,open,0,0,0,false
APP-000059-TRD-03,APP-000059,BORR-000071,APP-000059-LIA-03,revolving_credit_card,Sablefield Mortgage Servicing,8943.00,31939.29,268.29,2025-05-10,open,0,0,0,false
APP-000059-TRD-04,APP-000059,BORR-000071,APP-000059-LIA-04,installment_personal,Summit Education Lending,5793.82,0,178.87,2022-02-06,open,0,0,0,false
APP-000060-TRD-01,APP-000060,BORR-000072,APP-000060-LIA-01,auto_loan,Cascade Personal Loans,14830.25,0,355.06,2020-11-28,open,0,0,0,false
APP-000060-TRD-02,APP-000060,BORR-000072,APP-000060-LIA-02,student_loan,Northwind Card Services,19922.60,0,271.52,2025-01-22,open,0,0,0,false
APP-000060-TRD-03,APP-000060,BORR-000072,APP-000060-LIA-03,revolving_credit_card,Harborline Retail Credit,8354.33,29836.89,250.63,2024-04-09,open,0,0,0,false
APP-000060-TRD-04,APP-000060,BORR-000072,APP-000060-LIA-04,installment_personal,Northwind Card Services,5411.93,0,167.08,2018-12-23,open,0,0,0,false
APP-000061-TRD-01,APP-000061,BORR-000073,APP-000061-LIA-01,auto_loan,Harborline Retail Credit,6202.59,0,148.50,2017-11-07,open,0,0,0,false
APP-000061-TRD-02,APP-000061,BORR-000073,APP-000061-LIA-02,student_loan,Cascade Personal Loans,8332.39,0,113.56,2019-10-26,open,0,0,0,false
APP-000061-TRD-03,APP-000061,BORR-000073,APP-000061-LIA-03,revolving_credit_card,Pinnacle Auto Finance,3494.00,12478.57,104.82,2025-07-03,open,0,0,0,false
APP-000061-TRD-04,APP-000061,BORR-000073,APP-000061-LIA-04,installment_personal,Pinnacle Auto Finance,2263.50,0,69.88,2025-06-08,open,0,0,0,false
APP-000062-TRD-01,APP-000062,BORR-000075,APP-000062-LIA-01,auto_loan,Harborline Retail Credit,7867.89,0,188.37,2024-04-20,open,0,0,0,false
APP-000062-TRD-02,APP-000062,BORR-000075,APP-000062-LIA-02,student_loan,Harborline Retail Credit,10569.57,0,144.05,2025-04-03,open,0,0,0,false
APP-000062-TRD-03,APP-000062,BORR-000075,APP-000062-LIA-03,revolving_credit_card,Summit Education Lending,4432.33,15829.75,132.97,2024-07-19,open,0,0,0,false
APP-000062-TRD-04,APP-000062,BORR-000075,APP-000062-LIA-04,installment_personal,Pinnacle Auto Finance,2871.49,0,88.65,2023-08-17,open,0,0,0,false
APP-000063-TRD-01,APP-000063,BORR-000001,APP-000063-LIA-01,auto_loan,Harborline Retail Credit,19152.43,0,458.54,2024-08-16,open,0,0,0,false
APP-000063-TRD-02,APP-000063,BORR-000001,APP-000063-LIA-02,student_loan,Sablefield Mortgage Servicing,25728.72,0,350.65,2021-01-30,open,0,0,0,false
APP-000063-TRD-03,APP-000063,BORR-000001,APP-000063-LIA-03,revolving_credit_card,Harborline Retail Credit,10789.33,38533.32,323.68,2019-06-27,open,0,0,0,false
APP-000063-TRD-04,APP-000063,BORR-000001,APP-000063-LIA-04,installment_personal,Harborline Retail Credit,6989.39,0,215.78,2024-03-23,open,0,0,0,false
APP-000064-TRD-01,APP-000064,BORR-000011,APP-000064-LIA-01,auto_loan,Harborline Retail Credit,24958.23,0,597.54,2021-10-17,open,0,0,0,false
APP-000064-TRD-02,APP-000064,BORR-000011,APP-000064-LIA-02,student_loan,Pinnacle Auto Finance,33527.67,0,456.94,2018-07-13,open,0,0,0,false
APP-000064-TRD-03,APP-000064,BORR-000011,APP-000064-LIA-03,revolving_credit_card,Sablefield Mortgage Servicing,14059.67,50213.11,421.79,2023-04-14,open,0,0,0,false
APP-000064-TRD-04,APP-000064,BORR-000011,APP-000064-LIA-04,installment_personal,Summit Education Lending,9108.10,0,281.19,2019-09-09,open,0,0,0,false
APP-000065-TRD-01,APP-000065,BORR-000077,APP-000065-LIA-01,auto_loan,Northwind Card Services,22444.19,0,537.35,2021-09-30,open,0,0,0,false
APP-000065-TRD-02,APP-000065,BORR-000077,APP-000065-LIA-02,student_loan,Harborline Retail Credit,30150.25,0,410.91,2019-02-17,open,0,0,0,false
APP-000065-TRD-03,APP-000065,BORR-000077,APP-000065-LIA-03,revolving_credit_card,Summit Education Lending,12643.33,45154.75,379.30,2017-12-10,open,0,0,0,false
APP-000065-TRD-04,APP-000065,BORR-000077,APP-000065-LIA-04,installment_personal,Harborline Retail Credit,8190.78,0,252.87,2021-01-20,open,0,0,0,false
APP-000066-TRD-01,APP-000066,BORR-000079,APP-000066-LIA-01,auto_loan,Northwind Card Services,9267.13,0,221.87,2021-05-08,open,0,0,0,false
APP-000066-TRD-02,APP-000066,BORR-000079,APP-000066-LIA-02,student_loan,Summit Education Lending,12449.43,0,169.67,2024-02-23,open,0,0,0,false
APP-000066-TRD-03,APP-000066,BORR-000079,APP-000066-LIA-03,revolving_credit_card,Cascade Personal Loans,5220.67,18645.25,156.62,2024-12-20,open,0,0,0,false
APP-000066-TRD-04,APP-000066,BORR-000079,APP-000066-LIA-04,installment_personal,Cascade Personal Loans,3381.97,0,104.41,2022-12-02,open,0,0,0,false
APP-000067-TRD-01,APP-000067,BORR-000080,APP-000067-LIA-01,auto_loan,Northwind Card Services,9179.42,0,219.77,2022-03-06,open,0,0,0,false
APP-000067-TRD-02,APP-000067,BORR-000080,APP-000067-LIA-02,student_loan,Summit Education Lending,12331.29,0,168.06,2025-02-19,open,0,0,0,false
APP-000067-TRD-03,APP-000067,BORR-000080,APP-000067-LIA-03,revolving_credit_card,Sablefield Mortgage Servicing,5171.00,18467.86,155.13,2019-09-21,open,0,0,0,false
APP-000067-TRD-04,APP-000067,BORR-000080,APP-000067-LIA-04,installment_personal,Summit Education Lending,3349.90,0,103.42,2023-05-05,open,0,0,0,false
APP-000068-TRD-01,APP-000068,BORR-000081,APP-000068-LIA-01,auto_loan,Harborline Retail Credit,7854.53,0,188.05,2020-11-25,open,0,0,0,false
APP-000068-TRD-02,APP-000068,BORR-000081,APP-000068-LIA-02,student_loan,Sablefield Mortgage Servicing,10551.96,0,143.81,2021-04-25,open,0,0,0,false
APP-000068-TRD-03,APP-000068,BORR-000081,APP-000068-LIA-03,revolving_credit_card,Pinnacle Auto Finance,4424.67,15802.39,132.74,2019-03-13,open,0,0,0,false
APP-000068-TRD-04,APP-000068,BORR-000081,APP-000068-LIA-04,installment_personal,Pinnacle Auto Finance,2866.63,0,88.50,2018-07-28,open,0,0,0,false
APP-000069-TRD-01,APP-000069,BORR-000082,APP-000069-LIA-01,auto_loan,Sablefield Mortgage Servicing,9112.17,0,218.16,2024-10-02,open,0,0,0,false
APP-000069-TRD-02,APP-000069,BORR-000082,APP-000069-LIA-02,student_loan,Cascade Personal Loans,12241.04,0,166.83,2018-09-04,open,0,0,0,false
APP-000069-TRD-03,APP-000069,BORR-000082,APP-000069-LIA-03,revolving_credit_card,Pinnacle Auto Finance,5133.33,18333.32,154.00,2019-03-11,open,0,0,0,false
APP-000069-TRD-04,APP-000069,BORR-000082,APP-000069-LIA-04,installment_personal,Summit Education Lending,3325.29,0,102.66,2022-01-07,open,0,0,0,false
APP-000070-TRD-01,APP-000070,BORR-000083,APP-000070-LIA-01,auto_loan,Sablefield Mortgage Servicing,4651.73,0,111.37,2024-06-22,open,0,0,0,false
APP-000070-TRD-02,APP-000070,BORR-000083,APP-000070-LIA-02,student_loan,Sablefield Mortgage Servicing,6249.29,0,85.17,2019-01-28,open,0,0,0,false
APP-000070-TRD-03,APP-000070,BORR-000083,APP-000070-LIA-03,revolving_credit_card,Summit Education Lending,2620.67,9359.54,78.62,2019-05-09,open,0,0,0,false
APP-000070-TRD-04,APP-000070,BORR-000083,APP-000070-LIA-04,installment_personal,Summit Education Lending,1697.63,0,52.41,2022-04-18,open,0,0,0,false
APP-000071-TRD-01,APP-000071,BORR-000084,APP-000071-LIA-01,auto_loan,Cascade Personal Loans,13277.31,0,317.88,2018-05-06,open,0,0,0,false
APP-000071-TRD-02,APP-000071,BORR-000084,APP-000071-LIA-02,student_loan,Harborline Retail Credit,17835.84,0,243.08,2021-01-27,open,0,0,0,false
APP-000071-TRD-03,APP-000071,BORR-000084,APP-000071-LIA-03,revolving_credit_card,Pinnacle Auto Finance,7479.67,26713.11,224.39,2020-01-12,open,0,0,0,false
APP-000071-TRD-04,APP-000071,BORR-000084,APP-000071-LIA-04,installment_personal,Sablefield Mortgage Servicing,4845.41,0,149.59,2020-07-31,open,0,0,0,false
APP-000072-TRD-01,APP-000072,BORR-000086,APP-000072-LIA-01,auto_loan,Summit Education Lending,6302.00,0,150.88,2020-06-07,open,0,0,0,false
APP-000072-TRD-02,APP-000072,BORR-000086,APP-000072-LIA-02,student_loan,Summit Education Lending,8465.93,0,115.38,2024-06-30,open,0,0,0,false
APP-000072-TRD-03,APP-000072,BORR-000086,APP-000072-LIA-03,revolving_credit_card,Sablefield Mortgage Servicing,3550.00,12678.57,106.50,2022-11-11,open,0,0,0,false
APP-000072-TRD-04,APP-000072,BORR-000086,APP-000072-LIA-04,installment_personal,Sablefield Mortgage Servicing,2299.46,0,70.99,2019-05-31,open,0,0,0,false
APP-000073-TRD-01,APP-000073,BORR-000087,APP-000073-LIA-01,auto_loan,Pinnacle Auto Finance,15415.42,0,369.07,2023-02-01,open,0,0,0,false
APP-000073-TRD-02,APP-000073,BORR-000087,APP-000073-LIA-02,student_loan,Harborline Retail Credit,20708.44,0,282.23,2023-10-13,open,0,0,0,false
APP-000073-TRD-03,APP-000073,BORR-000087,APP-000073-LIA-03,revolving_credit_card,Cascade Personal Loans,8684.00,31014.29,260.52,2023-03-26,open,0,0,0,false
APP-000073-TRD-04,APP-000073,BORR-000087,APP-000073-LIA-04,installment_personal,Cascade Personal Loans,5625.39,0,173.67,2018-10-24,open,0,0,0,false
APP-000074-TRD-01,APP-000074,BORR-000089,APP-000074-LIA-01,auto_loan,Sablefield Mortgage Servicing,13022.10,0,311.77,2025-07-02,open,0,0,0,false
APP-000074-TRD-02,APP-000074,BORR-000089,APP-000074-LIA-02,student_loan,Harborline Retail Credit,17493.18,0,238.41,2024-07-23,open,0,0,0,false
APP-000074-TRD-03,APP-000074,BORR-000089,APP-000074-LIA-03,revolving_credit_card,Sablefield Mortgage Servicing,7335.67,26198.82,220.07,2018-03-30,open,0,0,0,false
APP-000074-TRD-04,APP-000074,BORR-000089,APP-000074-LIA-04,installment_personal,Harborline Retail Credit,4752.45,0,146.72,2018-04-29,open,0,0,0,false
APP-000075-TRD-01,APP-000075,BORR-000090,APP-000075-LIA-01,auto_loan,Harborline Retail Credit,3473.03,0,83.15,2022-02-14,open,0,0,0,false
APP-000075-TRD-02,APP-000075,BORR-000090,APP-000075-LIA-02,student_loan,Summit Education Lending,4665.14,0,63.58,2023-06-01,open,0,0,0,false
APP-000075-TRD-03,APP-000075,BORR-000090,APP-000075-LIA-03,revolving_credit_card,Summit Education Lending,1956.33,6986.89,58.69,2023-05-22,open,0,0,0,false
APP-000075-TRD-04,APP-000075,BORR-000090,APP-000075-LIA-04,installment_personal,Summit Education Lending,1267.47,0,39.13,2018-08-27,open,0,0,0,false
