policy_document_id,policy_id,version,title,family,effective_date,expiration_date,source_category,priority,supersedes,superseded_by,requires_human_review,jurisdiction,product_scope,occupancy_scope,purpose_scope,rule_count,relative_path,document_hash
POL-GEN-001-v1.0,POL-GEN-001,1.0,General Mortgage Eligibility and Programme Framework,general-eligibility,2026-01-01,,SYNTHETIC_INTERNAL_POLICY,10,,,false,US,conventional_conforming|jumbo|fha|va|usda,primary_residence|second_home|investment,purchase|rate_term_refinance|cash_out_refinance,6,synthetic_data/mortgage/policy_corpus/POL-GEN-001_general-eligibility_v1.0.md,5c43ab2d664943c0
POL-CONV-001-v1.0,POL-CONV-001,1.0,Conventional Conforming Purchase Eligibility,conventional-purchase,2026-01-01,,SYNTHETIC_INTERNAL_POLICY,30,,,false,US,conventional_conforming,primary_residence|second_home|investment,purchase,5,synthetic_data/mortgage/policy_corpus/POL-CONV-001_conventional-purchase_v1.0.md,f68f751e14e55a23
POL-CONV-002-v1.0,POL-CONV-002,1.0,Conventional Rate and Term Refinance Eligibility,conventional-rate-term-refinance,2026-01-01,,SYNTHETIC_INTERNAL_POLICY,30,,,false,US,conventional_conforming,primary_residence|second_home|investment,rate_term_refinance,4,synthetic_data/mortgage/policy_corpus/POL-CONV-002_conventional-rate-term-refinance_v1.0.md,1c86454c63d4b0d0
POL-CONV-003-v1.0,POL-CONV-003,1.0,Cash-Out Refinance Eligibility,cash-out-refinance,2026-01-01,,SYNTHETIC_INTERNAL_POLICY,30,,,false,US,conventional_conforming,primary_residence|second_home|investment,cash_out_refinance,5,synthetic_data/mortgage/policy_corpus/POL-CONV-003_cash-out-refinance_v1.0.md,c0024d402d9a4b90
POL-JUMBO-001-v1.0,POL-JUMBO-001,1.0,Jumbo and High-Value Mortgage Overlay,jumbo-overlay,2026-01-01,2026-07-01,SYNTHETIC_INTERNAL_POLICY,25,,POL-JUMBO-001 v2.0,true,US,jumbo,primary_residence|second_home|investment,purchase|rate_term_refinance|cash_out_refinance,4,synthetic_data/mortgage/policy_corpus/POL-JUMBO-001_jumbo-overlay_v1.0.md,c818c835b9a5529f
POL-JUMBO-001-v2.0,POL-JUMBO-001,2.0,Jumbo and High-Value Mortgage Overlay,jumbo-overlay,2026-07-01,,SYNTHETIC_INTERNAL_POLICY,25,POL-JUMBO-001 v1.0,,true,US,jumbo,primary_residence|second_home|investment,purchase|rate_term_refinance|cash_out_refinance,5,synthetic_data/mortgage/policy_corpus/POL-JUMBO-001_jumbo-overlay_v2.0.md,8a04f8fdb33d6a29
POL-FHA-001-v1.0,POL-FHA-001,1.0,FHA-Style Programme Overlay,fha-overlay,2026-01-01,,SYNTHETIC_INTERNAL_POLICY,28,,,false,US,fha,primary_residence|second_home|investment,purchase|rate_term_refinance|cash_out_refinance,4,synthetic_data/mortgage/policy_corpus/POL-FHA-001_fha-overlay_v1.0.md,ac28c7048676df1a
POL-VA-001-v1.0,POL-VA-001,1.0,VA-Style Programme Overlay,va-overlay,2026-01-01,,SYNTHETIC_INTERNAL_POLICY,28,,,false,US,va,primary_residence|second_home|investment,purchase|rate_term_refinance|cash_out_refinance,4,synthetic_data/mortgage/policy_corpus/POL-VA-001_va-overlay_v1.0.md,03d41a7d4626ee9a
POL-USDA-001-v1.0,POL-USDA-001,1.0,USDA-Style Rural Programme Overlay,usda-overlay,2026-01-01,,SYNTHETIC_INTERNAL_POLICY,28,,,false,US,usda,primary_residence,purchase|rate_term_refinance,4,synthetic_data/mortgage/policy_corpus/POL-USDA-001_usda-overlay_v1.0.md,2bef25e077f3a575
POL-CRD-001-v1.0,POL-CRD-001,1.0,Credit Assessment and Representative Score,credit-assessment,2026-01-01,2026-07-01,SYNTHETIC_INTERNAL_POLICY,40,,POL-CRD-001 v2.0,false,US,conventional_conforming|jumbo|fha|va|usda,primary_residence|second_home|investment,purchase|rate_term_refinance|cash_out_refinance,6,synthetic_data/mortgage/policy_corpus/POL-CRD-001_credit-assessment_v1.0.md,e4ebc50149ef9dd9
POL-CRD-001-v2.0,POL-CRD-001,2.0,Credit Assessment and Representative Score,credit-assessment,2026-07-01,,SYNTHETIC_INTERNAL_POLICY,40,POL-CRD-001 v1.0,,false,US,conventional_conforming|jumbo|fha|va|usda,primary_residence|second_home|investment,purchase|rate_term_refinance|cash_out_refinance,7,synthetic_data/mortgage/policy_corpus/POL-CRD-001_credit-assessment_v2.0.md,413faf15e24506f3
POL-CRD-002-v1.0,POL-CRD-002,1.0,Significant Derogatory Credit Events and Seasoning,credit-events,2026-01-01,,SYNTHETIC_INTERNAL_POLICY,42,,,false,US,conventional_conforming|jumbo|fha|va|usda,primary_residence|second_home|investment,purchase|rate_term_refinance|cash_out_refinance,4,synthetic_data/mortgage/policy_corpus/POL-CRD-002_credit-events_v1.0.md,161654f3b10cc133
POL-CRD-003-v1.0,POL-CRD-003,1.0,Delinquency and Payment History Treatment,delinquency-treatment,2026-01-01,,SYNTHETIC_INTERNAL_POLICY,43,,,false,US,conventional_conforming|jumbo|fha|va|usda,primary_residence|second_home|investment,purchase|rate_term_refinance|cash_out_refinance,4,synthetic_data/mortgage/policy_corpus/POL-CRD-003_delinquency-treatment_v1.0.md,33d910013967bfe6
POL-LIA-001-v1.0,POL-LIA-001,1.0,Liabilities and Debt Inclusion,liabilities,2026-01-01,,SYNTHETIC_INTERNAL_POLICY,45,,,false,US,conventional_conforming|jumbo|fha|va|usda,primary_residence|second_home|investment,purchase|rate_term_refinance|cash_out_refinance,6,synthetic_data/mortgage/policy_corpus/POL-LIA-001_liabilities_v1.0.md,0525c2dce35bc356
POL-DTI-001-v1.0,POL-DTI-001,1.0,"Affordability, Debt-to-Income and Disposable Income",affordability-dti,2026-01-01,2026-07-01,SYNTHETIC_INTERNAL_POLICY,50,,POL-DTI-001 v2.0,false,US,conventional_conforming|jumbo|fha|va|usda,primary_residence|second_home|investment,purchase|rate_term_refinance|cash_out_refinance,7,synthetic_data/mortgage/policy_corpus/POL-DTI-001_affordability-dti_v1.0.md,cb276750d559672b
POL-DTI-001-v2.0,POL-DTI-001,2.0,"Affordability, Debt-to-Income and Disposable Income",affordability-dti,2026-07-01,,SYNTHETIC_INTERNAL_POLICY,50,POL-DTI-001 v1.0,,false,US,conventional_conforming|jumbo|fha|va|usda,primary_residence|second_home|investment,purchase|rate_term_refinance|cash_out_refinance,8,synthetic_data/mortgage/policy_corpus/POL-DTI-001_affordability-dti_v2.0.md,53b1e0430dd3f02f
POL-INC-001-v1.0,POL-INC-001,1.0,Income General Principles and Qualifying Income,income-general,2026-01-01,,SYNTHETIC_INTERNAL_POLICY,48,,,false,US,conventional_conforming|jumbo|fha|va|usda,primary_residence|second_home|investment,purchase|rate_term_refinance|cash_out_refinance,6,synthetic_data/mortgage/policy_corpus/POL-INC-001_income-general_v1.0.md,3319100c9ab9aee9
POL-INC-002-v1.0,POL-INC-002,1.0,Salaried Income Qualification,income-salaried,2026-01-01,,SYNTHETIC_INTERNAL_POLICY,49,,,false,US,conventional_conforming|jumbo|fha|va|usda,primary_residence|second_home|investment,purchase|rate_term_refinance|cash_out_refinance,4,synthetic_data/mortgage/policy_corpus/POL-INC-002_income-salaried_v1.0.md,351c5cbea83aa700
POL-INC-003-v1.0,POL-INC-003,1.0,Hourly and Variable-Hour Income,income-hourly,2026-01-01,,SYNTHETIC_INTERNAL_POLICY,49,,,false,US,conventional_conforming|jumbo|fha|va|usda,primary_residence|second_home|investment,purchase|rate_term_refinance|cash_out_refinance,4,synthetic_data/mortgage/policy_corpus/POL-INC-003_income-hourly_v1.0.md,f24334ea4d08c129
POL-INC-004-v1.0,POL-INC-004,1.0,"Bonus, Overtime, Commission and Tip Income",income-variable,2026-01-01,2026-07-01,SYNTHETIC_INTERNAL_POLICY,49,,POL-INC-004 v2.0,false,US,conventional_conforming|jumbo|fha|va|usda,primary_residence|second_home|investment,purchase|rate_term_refinance|cash_out_refinance,4,synthetic_data/mortgage/policy_corpus/POL-INC-004_income-variable_v1.0.md,8f2253fb030e768c
POL-INC-004-v2.0,POL-INC-004,2.0,"Bonus, Overtime, Commission and Tip Income",income-variable,2026-07-01,,SYNTHETIC_INTERNAL_POLICY,49,POL-INC-004 v1.0,,false,US,conventional_conforming|jumbo|fha|va|usda,primary_residence|second_home|investment,purchase|rate_term_refinance|cash_out_refinance,5,synthetic_data/mortgage/policy_corpus/POL-INC-004_income-variable_v2.0.md,41fb409e9e02e0fb
POL-INC-005-v1.0,POL-INC-005,1.0,Self-Employment Income,income-self-employed,2026-01-01,,SYNTHETIC_INTERNAL_POLICY,49,,,true,US,conventional_conforming|jumbo|fha|va|usda,primary_residence|second_home|investment,purchase|rate_term_refinance|cash_out_refinance,6,synthetic_data/mortgage/policy_corpus/POL-INC-005_income-self-employed_v1.0.md,d03a1bdd4afe5c3d
POL-INC-006-v1.0,POL-INC-006,1.0,Rental Income,income-rental,2026-01-01,,SYNTHETIC_INTERNAL_POLICY,49,,,false,US,conventional_conforming|jumbo|fha|va|usda,primary_residence|second_home|investment,purchase|rate_term_refinance|cash_out_refinance,4,synthetic_data/mortgage/policy_corpus/POL-INC-006_income-rental_v1.0.md,f6d31c3d575f1cd6
POL-INC-007-v1.0,POL-INC-007,1.0,Other Qualifying Income,income-other,2026-01-01,,SYNTHETIC_INTERNAL_POLICY,49,,,false,US,conventional_conforming|jumbo|fha|va|usda,primary_residence|second_home|investment,purchase|rate_term_refinance|cash_out_refinance,5,synthetic_data/mortgage/policy_corpus/POL-INC-007_income-other_v1.0.md,a44558d715a58a1d
POL-EMP-001-v1.0,POL-EMP-001,1.0,Employment Verification,employment-verification,2026-01-01,,SYNTHETIC_INTERNAL_POLICY,47,,,false,US,conventional_conforming|jumbo|fha|va|usda,primary_residence|second_home|investment,purchase|rate_term_refinance|cash_out_refinance,4,synthetic_data/mortgage/policy_corpus/POL-EMP-001_employment-verification_v1.0.md,14c33644fc4767d7
POL-EMP-002-v1.0,POL-EMP-002,1.0,"Employment Continuity, Gaps and Future Employment",employment-continuity,2026-01-01,,SYNTHETIC_INTERNAL_POLICY,47,,,false,US,conventional_conforming|jumbo|fha|va|usda,primary_residence|second_home|investment,purchase|rate_term_refinance|cash_out_refinance,5,synthetic_data/mortgage/policy_corpus/POL-EMP-002_employment-continuity_v1.0.md,fed7c6227d371f9b
POL-AST-001-v1.0,POL-AST-001,1.0,Assets and Eligible Funds,assets-eligibility,2026-01-01,,SYNTHETIC_INTERNAL_POLICY,52,,,false,US,conventional_conforming|jumbo|fha|va|usda,primary_residence|second_home|investment,purchase|rate_term_refinance|cash_out_refinance,4,synthetic_data/mortgage/policy_corpus/POL-AST-001_assets-eligibility_v1.0.md,61db2d3ddbed87f5
POL-AST-002-v1.0,POL-AST-002,1.0,Funds to Close and the Settlement Calculation,funds-to-close,2026-01-01,,SYNTHETIC_INTERNAL_POLICY,53,,,false,US,conventional_conforming|jumbo|fha|va|usda,primary_residence|second_home|investment,purchase|rate_term_refinance|cash_out_refinance,5,synthetic_data/mortgage/policy_corpus/POL-AST-002_funds-to-close_v1.0.md,efe3f5a0dae19472
POL-AST-003-v1.0,POL-AST-003,1.0,Reserve Requirements,reserves,2026-01-01,2026-07-01,SYNTHETIC_INTERNAL_POLICY,54,,POL-AST-003 v2.0,false,US,conventional_conforming|jumbo|fha|va|usda,primary_residence|second_home|investment,purchase|rate_term_refinance|cash_out_refinance,4,synthetic_data/mortgage/policy_corpus/POL-AST-003_reserves_v1.0.md,0651026af4ce481f
POL-AST-003-v2.0,POL-AST-003,2.0,Reserve Requirements,reserves,2026-07-01,,SYNTHETIC_INTERNAL_POLICY,54,POL-AST-003 v1.0,,false,US,conventional_conforming|jumbo|fha|va|usda,primary_residence|second_home|investment,purchase|rate_term_refinance|cash_out_refinance,5,synthetic_data/mortgage/policy_corpus/POL-AST-003_reserves_v2.0.md,6270c637be9dbca9
POL-AST-004-v1.0,POL-AST-004,1.0,"Gifts, Grants and Source of Funds",source-of-funds,2026-01-01,,SYNTHETIC_INTERNAL_POLICY,55,,,false,US,conventional_conforming|jumbo|fha|va|usda,primary_residence|second_home|investment,purchase|rate_term_refinance|cash_out_refinance,4,synthetic_data/mortgage/policy_corpus/POL-AST-004_source-of-funds_v1.0.md,240af93f402114ab
POL-PRP-001-v1.0,POL-PRP-001,1.0,Property Eligibility,property-eligibility,2026-01-01,,SYNTHETIC_INTERNAL_POLICY,56,,,false,US,conventional_conforming|jumbo|fha|va|usda,primary_residence|second_home|investment,purchase|rate_term_refinance|cash_out_refinance,4,synthetic_data/mortgage/policy_corpus/POL-PRP-001_property-eligibility_v1.0.md,27d163b3d07d8c2c
POL-PRP-002-v1.0,POL-PRP-002,1.0,Occupancy Classification and Verification,occupancy,2026-01-01,,SYNTHETIC_INTERNAL_POLICY,56,,,false,US,conventional_conforming|jumbo|fha|va|usda,primary_residence|second_home|investment,purchase|rate_term_refinance|cash_out_refinance,3,synthetic_data/mortgage/policy_corpus/POL-PRP-002_occupancy_v1.0.md,2da2e792e88faa78
POL-VAL-001-v1.0,POL-VAL-001,1.0,Appraisal and Valuation,valuation,2026-01-01,2026-07-01,SYNTHETIC_INTERNAL_POLICY,57,,POL-VAL-001 v2.0,false,US,conventional_conforming|jumbo|fha|va|usda,primary_residence|second_home|investment,purchase|rate_term_refinance|cash_out_refinance,4,synthetic_data/mortgage/policy_corpus/POL-VAL-001_valuation_v1.0.md,880e4b20e2074bff
POL-VAL-001-v2.0,POL-VAL-001,2.0,Appraisal and Valuation,valuation,2026-07-01,,SYNTHETIC_INTERNAL_POLICY,57,POL-VAL-001 v1.0,,false,US,conventional_conforming|jumbo|fha|va|usda,primary_residence|second_home|investment,purchase|rate_term_refinance|cash_out_refinance,5,synthetic_data/mortgage/policy_corpus/POL-VAL-001_valuation_v2.0.md,db26057b3eeaf255
POL-TTL-001-v1.0,POL-TTL-001,1.0,"Title, Lien Position and Property Insurance",title-and-insurance,2026-01-01,,SYNTHETIC_INTERNAL_POLICY,58,,,false,US,conventional_conforming|jumbo|fha|va|usda,primary_residence|second_home|investment,purchase|rate_term_refinance|cash_out_refinance,4,synthetic_data/mortgage/policy_corpus/POL-TTL-001_title-and-insurance_v1.0.md,b93de4ce31b8f7e6
POL-KYC-001-v1.0,POL-KYC-001,1.0,Identity Verification and Customer Identification,identity-kyc,2026-01-01,,SYNTHETIC_INTERNAL_POLICY,20,,,false,US,conventional_conforming|jumbo|fha|va|usda,primary_residence|second_home|investment,purchase|rate_term_refinance|cash_out_refinance,3,synthetic_data/mortgage/policy_corpus/POL-KYC-001_identity-kyc_v1.0.md,5186073db3bf33ca
POL-FRD-001-v1.0,POL-FRD-001,1.0,Fraud Indicators and Document Integrity,fraud-and-integrity,2026-01-01,,SYNTHETIC_INTERNAL_POLICY,22,,,true,US,conventional_conforming|jumbo|fha|va|usda,primary_residence|second_home|investment,purchase|rate_term_refinance|cash_out_refinance,4,synthetic_data/mortgage/policy_corpus/POL-FRD-001_fraud-and-integrity_v1.0.md,d5b38e9071292bd3
POL-DOC-001-v1.0,POL-DOC-001,1.0,"Documentation Requirements, Completeness and Freshness",documentation,2026-01-01,,SYNTHETIC_INTERNAL_POLICY,60,,,false,US,conventional_conforming|jumbo|fha|va|usda,primary_residence|second_home|investment,purchase|rate_term_refinance|cash_out_refinance,6,synthetic_data/mortgage/policy_corpus/POL-DOC-001_documentation_v1.0.md,f956418366235d6c
POL-UWR-001-v1.0,POL-UWR-001,1.0,"Conditions, Manual Review and Exception Authority",underwriting-control,2026-01-01,,SYNTHETIC_INTERNAL_POLICY,15,,,false,US,conventional_conforming|jumbo|fha|va|usda,primary_residence|second_home|investment,purchase|rate_term_refinance|cash_out_refinance,5,synthetic_data/mortgage/policy_corpus/POL-UWR-001_underwriting-control_v1.0.md,c4702fba29366cb5
POL-DEC-001-v1.0,POL-DEC-001,1.0,"Decisioning, Recommendations and Adverse-Action Handling",decisioning,2026-01-01,,SYNTHETIC_INTERNAL_POLICY,12,,,false,US,conventional_conforming|jumbo|fha|va|usda,primary_residence|second_home|investment,purchase|rate_term_refinance|cash_out_refinance,6,synthetic_data/mortgage/policy_corpus/POL-DEC-001_decisioning_v1.0.md,2558151ab866f3cf
POL-SEC-001-v1.0,POL-SEC-001,1.0,"Privacy, Sensitive Data and AI Input Security",privacy-and-ai-security,2026-01-01,,SYNTHETIC_INTERNAL_POLICY,5,,,false,US,conventional_conforming|jumbo|fha|va|usda,primary_residence|second_home|investment,purchase|rate_term_refinance|cash_out_refinance,7,synthetic_data/mortgage/policy_corpus/POL-SEC-001_privacy-and-ai-security_v1.0.md,f787671d1e7d75e6
